study,cell,variant,reference,metric,better,n_pairs,ref_mean,variant_mean,mean_diff,ci_low,ci_high,p_value,p_holm,cliffs_delta,claim,favours,pairing_errors,note
s53,n6k1_knee,FX,F,sim_s_to_tau0.71,lower,20,194.04807416836266,178.05938856557478,15.988685602787882,3.9324117539419987,31.80198798848097,0.007685794055213263,0.146030087049052,0.0975,False,no claim,0,
s53,n6k1_knee,H1,F,sim_s_to_tau0.71,lower,20,194.04807416836266,281.8383855409862,-87.79031137262355,-130.93638456133965,-51.49498481500911,3.62396240234375e-05,0.0009784698486328125,-0.35,True,F,0,
s53,n6k1_knee,D1,F,sim_s_to_tau0.71,lower,20,194.04807416836266,281.82670055288474,-87.77862638452207,-132.16641717280496,-51.40545906804066,3.62396240234375e-05,0.0009784698486328125,-0.35,True,F,0,
s53,n6k1_knee,D2,F,sim_s_to_tau0.71,lower,20,194.04807416836266,265.7648572232982,-71.71678305493552,-111.90289231487098,-41.83937281039289,8.20159912109375e-05,0.001804351806640625,-0.29,True,F,0,
s53,n6k1_knee,D3,F,sim_s_to_tau0.71,lower,20,194.04807416836266,279.55778653629824,-85.50971236793558,-128.45212143570112,-49.452989091836066,3.62396240234375e-05,0.0009784698486328125,-0.32,True,F,0,
s53,n6k1_knee,D4,F,sim_s_to_tau0.71,lower,20,194.04807416836266,264.4789925572928,-70.43091838893015,-111.70721754263184,-37.191962360423936,0.0003948211669921875,0.008291244506835938,-0.3,True,F,0,
s53,n6k1_knee,D4fedex,F,sim_s_to_tau0.71,lower,19,195.1220061099647,280.61798347583607,-85.49597736587135,-171.30706519308148,-7.5516232804842085,0.02298736572265625,0.32072739096099223,-0.3407202216066482,False,no claim,0,
s53,n6k1_stress,FX,F,sim_s_to_tau0.71,lower,20,178.03168394054518,175.2615285437263,2.7701553968188817,-0.6479596548319385,6.279320845820618,0.11412832776223863,0.7988982943356704,0.05,False,no claim,0,
s53,n6k1_stress,H1,F,sim_s_to_tau0.71,lower,18,190.578015286954,220.43999710322694,-29.861981816272923,-76.93560371632175,17.403977818299257,0.30379486083984375,1.0,-0.2037037037037037,False,no claim,0,
s53,n6k1_stress,D1,F,sim_s_to_tau0.71,lower,20,178.03168394054518,238.48787116645252,-60.45618722590734,-129.97418487946257,24.442832076488198,0.013616561889648438,0.24509811401367188,-0.285,False,no claim,0,
s53,n6k1_stress,D2,F,sim_s_to_tau0.71,lower,18,190.578015286954,228.77322998210892,-38.195214695154895,-85.19381633090684,5.915313543656112,0.0987396240234375,0.7899169921875,-0.29012345679012347,False,no claim,0,
s53,n6k1_stress,D3,F,sim_s_to_tau0.71,lower,20,178.03168394054518,208.95248998854657,-30.920806048001396,-85.7072777038527,14.475980796110811,0.38837623596191406,1.0,-0.22,False,no claim,0,
s53,n6k1_stress,D4,F,sim_s_to_tau0.71,lower,20,178.03168394054518,264.4789925572928,-86.44730861674762,-123.44562846149259,-55.907194208550685,9.5367431640625e-06,0.00026702880859375,-0.4,True,F,0,
s53,n6k1_stress,D4fedex,F,sim_s_to_tau0.71,lower,19,178.26264797541998,280.61798347583607,-102.35533550041605,-185.4610095736673,-29.929375301060333,0.007144927978515625,0.1428985595703125,-0.4293628808864266,False,no claim,0,
s53,n6k3_knee,FX,F,sim_s_to_tau0.71,lower,20,52.342245086480396,56.419481056387305,-4.077235969906906,-16.307971524192105,5.28908671349287,0.3739447986092539,1.0,0.0475,False,no claim,0,
s53,n6k3_knee,H1,F,sim_s_to_tau0.71,lower,20,52.342245086480396,64.59064833797166,-12.248403251491254,-25.55253056570697,-2.038221102276151,0.018602929901135743,0.31624980831930766,-0.13,False,no claim,0,
s53,n6k3_knee,D1,F,sim_s_to_tau0.71,lower,20,52.342245086480396,64.59064833797166,-12.248403251491254,-25.55253056570697,-2.038221102276151,0.018602929901135743,0.31624980831930766,-0.13,False,no claim,0,
s53,n6k3_knee,D2,F,sim_s_to_tau0.71,lower,20,52.342245086480396,64.57405439266586,-12.23180930618546,-25.672443218227272,-2.043714278721455,0.018602929901135743,0.31624980831930766,-0.13,False,no claim,0,
s53,n6k3_knee,D3,F,sim_s_to_tau0.71,lower,20,52.342245086480396,64.61050151099334,-12.268256424512947,-25.68630544828585,-2.001547488071957,0.022909099354356588,0.32072739096099223,-0.125,False,no claim,0,
s53,n6k3_knee,D4,F,sim_s_to_tau0.71,lower,20,52.342245086480396,55.00703628177871,-2.6647911952983123,-17.920513953796902,10.9917311755041,0.28682732924443755,1.0,-0.0175,False,no claim,0,
s53,n6k3_knee,D4fedex,F,sim_s_to_tau0.71,lower,20,52.342245086480396,101.07219898580806,-48.72995389932767,-66.483313920941,-32.06582852031934,3.62396240234375e-05,0.0009784698486328125,-0.62,True,F,0,
s53,n6k3_stress,FX,F,sim_s_to_tau0.71,lower,20,52.342245086480396,56.419481056387305,-4.077235969906906,-16.307971524192105,5.28908671349287,0.3739447986092539,1.0,0.0475,False,no claim,0,
s53,n6k3_stress,H1,F,sim_s_to_tau0.71,lower,20,52.342245086480396,63.969040536193646,-11.626795449713246,-24.835189110633507,-1.3533741055200517,0.022909099354356588,0.32072739096099223,-0.125,False,no claim,0,
s53,n6k3_stress,D1,F,sim_s_to_tau0.71,lower,20,52.342245086480396,63.969040536193646,-11.626795449713246,-24.835189110633507,-1.3533741055200517,0.022909099354356588,0.32072739096099223,-0.125,False,no claim,0,
s53,n6k3_stress,D2,F,sim_s_to_tau0.71,lower,20,52.342245086480396,63.952446590887845,-11.610201504407451,-24.820706387892418,-1.2965298175092923,0.022909099354356588,0.32072739096099223,-0.125,False,no claim,0,
s53,n6k3_stress,D3,F,sim_s_to_tau0.71,lower,20,52.342245086480396,63.98889370921533,-11.646648622734938,-24.91561845412187,-1.31142673107257,0.0280561241492436,0.32072739096099223,-0.12,False,no claim,0,
s53,n6k3_stress,D4,F,sim_s_to_tau0.71,lower,20,52.342245086480396,55.00703628177871,-2.6647911952983123,-17.920513953796902,10.9917311755041,0.28682732924443755,1.0,-0.0175,False,no claim,0,
s53,n6k3_stress,D4fedex,F,sim_s_to_tau0.71,lower,20,52.342245086480396,101.07219898580806,-48.72995389932767,-66.483313920941,-32.06582852031934,3.62396240234375e-05,0.0009784698486328125,-0.62,True,F,0,
