study,cell,variant,arm,trials,rows,rows_not_ok,scored,metric,metric_n,metric_mean,metric_median,metric_sd,reach_rate_tau0.71,mean_reached_tau0.71,mean_sim_s_to_tau0.71,mean_round_close_rate_kmin1,mean_network_aou_mean,mean_deadline_miss_rate,mean_update_yield,mean_final_accuracy,mean_final_auc
s59,n6k1_knee,F,F,20,20,0,20,sim_s_to_tau0.71,20,194.048,178.208,128.111,1.0,1.0,194.048,0.9625,0.7,0.410417,3.5375,0.831392,0.944966
s59,n6k1_knee,FX,FX,20,20,0,20,sim_s_to_tau0.71,20,178.059,172.333,120.626,1.0,1.0,178.059,0.9625,0.7,0.410417,3.5375,0.831392,0.944966
s59,n6k1_knee,H1,H1,20,20,0,20,sim_s_to_tau0.71,20,281.838,285.099,178.535,1.0,1.0,281.838,0.9625,0.733333,0.411174,3.4625,0.829025,0.943851
s59,n6k1_knee,D3,D3,20,20,0,20,sim_s_to_tau0.71,20,279.558,280.774,188.417,1.0,1.0,279.558,0.9625,0.745833,0.425135,3.4,0.8304,0.943378
s59,n6k1_knee,D4,D4,20,20,0,20,sim_s_to_tau0.71,20,264.479,268.074,170.519,1.0,1.0,264.479,0.9625,0.71875,0.41875,3.4875,0.8307,0.944426
s59,n12k1_knee,F,F,20,20,0,20,sim_s_to_tau0.71,19,486.436,444.087,259.205,0.95,0.95,486.436,0.9875,0.738542,0.433333,6.8,0.7601,0.849411
s59,n12k1_knee,FX,FX,20,20,0,20,sim_s_to_tau0.71,18,424.204,435.005,203.92,0.9,0.9,424.204,0.9875,0.732292,0.432292,6.8125,0.758567,0.849673
s59,n12k1_knee,H1,H1,20,20,0,20,sim_s_to_tau0.71,19,589.263,512.328,336.311,0.95,0.95,589.263,0.9875,0.833333,0.444716,6.3375,0.754058,0.850347
s59,n12k1_knee,D3,D3,20,20,0,20,sim_s_to_tau0.71,19,506.711,465.3,293.856,0.95,0.95,506.711,0.9875,0.778125,0.447372,6.425,0.761425,0.851065
s59,n12k1_knee,D4,D4,20,20,0,20,sim_s_to_tau0.71,19,458.581,436.395,243.423,0.95,0.95,458.581,0.9875,0.770833,0.448958,6.6125,0.755017,0.846841
s59,n24k1_knee,F,F,20,20,0,20,sim_s_to_tau0.71,20,749.136,800.71,139.341,1.0,1.0,749.136,1.0,0.771354,0.446875,13.275,0.711342,0.713919
s59,n24k1_knee,FX,FX,20,20,0,20,sim_s_to_tau0.71,20,788.92,793.294,129.205,1.0,1.0,788.92,1.0,0.75,0.4375,13.5,0.713275,0.714256
s59,n24k1_knee,H1,H1,20,20,0,20,sim_s_to_tau0.71,20,951.057,995.799,143.504,1.0,1.0,951.057,1.0,0.774479,0.451517,13.1375,0.7105,0.713633
s59,n24k1_knee,D3,D3,20,20,0,20,sim_s_to_tau0.71,20,910.92,930.008,155.812,1.0,1.0,910.92,1.0,0.771875,0.445789,13.2875,0.708908,0.713518
s59,n24k1_knee,D4,D4,20,20,0,20,sim_s_to_tau0.71,20,752.22,777.733,140.873,1.0,1.0,752.22,1.0,0.775,0.448437,13.2375,0.706425,0.713721
