cell_id,arm,trial_index,seed,param_N,param_rrf,param_n_missions,param_regime,param_dead_zone,param_link_quality,update_yield,round_close_rate_kmin1,round_close_rate_kmin2,round_close_rate_kminhalf,round_close_rate_kminN,coverage,jains_fairness,participation_entropy,mission_completion_rate,completion_fairness,pass2_coverage,rho_contact,rounds_closed,missions_completed,mission_failures,pass1_contacts_mean,pass2_contacts_mean,mission_duration_s_mean,n_devices,rf_range_m,n_missions_target,init_auc,init_accuracy,init_loss,final_auc,final_accuracy,final_loss,best_auc,delta_auc,rounds_evaluated,t_at_tau_round,tau,mission_budget_s,mission_window_adaptation,status,duration_s,error
N=6|dead_zone=0.6|link_quality=0.4|n_missions=4|regime=jittery|rrf=60.0,H2,0,1988132343,6,60.0,4,jittery,0.6,0.4,1.0,0.75,0.25,0.25,0.0,1.0,0.9627285513361463,2.5549782766546327,0.5,0.4444444444444444,0.75,1.3846153846153846,3,4,0,3.25,3.5,9.88778269290924,6,60.0,4,0.27812456249999995,0.35533333333333333,0.6958765983581543,0.8914838124999999,0.8536666666666667,0.6436841487884521,0.8914838124999999,0.6133592499999999,4,,0.9,120.0,0,ok,54.917290449142456,
N=6|dead_zone=0.6|link_quality=0.4|n_missions=4|regime=jittery|rrf=60.0,H3,0,1988132343,6,60.0,4,jittery,0.6,0.4,1.0,0.75,0.25,0.25,0.0,1.0,0.9627285513361463,2.5549782766546327,0.5,0.4444444444444444,0.75,1.3846153846153846,3,4,0,3.25,3.5,9.92450338602066,6,60.0,4,0.27812456249999995,0.35533333333333333,0.6958765983581543,0.8914838124999999,0.8536666666666667,0.6436841487884521,0.8914838124999999,0.6133592499999999,4,,0.9,120.0,0,ok,49.857513189315796,
N=6|dead_zone=0.6|link_quality=0.4|n_missions=4|regime=jittery|rrf=60.0,H2,1,1058959386,6,60.0,4,jittery,0.6,0.4,2.0,1.0,1.0,0.0,0.0,1.0,0.9876543209876543,2.5752515262260385,0.8333333333333334,0.6666666666666666,1.0,2.0,2,4,0,2.75,3.5,8.45680421590805,6,60.0,4,0.273283375,0.36233333333333334,0.6958892345428467,0.82909025,0.7241666666666666,0.6688939332962036,0.82909025,0.555806875,3,,0.9,120.0,0,ok,43.869661808013916,
N=6|dead_zone=0.6|link_quality=0.4|n_missions=4|regime=jittery|rrf=60.0,H3,1,1058959386,6,60.0,4,jittery,0.6,0.4,2.0,1.0,1.0,0.0,0.0,1.0,0.9876543209876543,2.5752515262260385,0.8333333333333334,0.6666666666666666,1.0,2.0,4,4,0,2.75,3.5,8.590548872947693,6,60.0,4,0.273283375,0.36233333333333334,0.6958892345428467,0.943633,0.858,0.586861789226532,0.943633,0.6703496250000001,5,,0.9,120.0,0,ok,47.12294363975525,
N=6|dead_zone=0.6|link_quality=0.4|n_missions=4|regime=jittery|rrf=60.0,H2,2,970667198,6,60.0,4,jittery,0.6,0.4,3.25,1.0,1.0,0.75,0.0,1.0,1.0,2.584962500721156,0.8333333333333334,0.7612612612612613,1.0,4.8,1,4,0,1.25,1.75,3.886547327041626,6,60.0,4,0.27346493749999995,0.3566666666666667,0.6958889961242676,0.6952256875,0.7066666666666667,0.6832300424575806,0.6952256875,0.4217607500000001,2,,0.9,120.0,0,ok,25.940346002578735,
N=6|dead_zone=0.6|link_quality=0.4|n_missions=4|regime=jittery|rrf=60.0,H3,2,970667198,6,60.0,4,jittery,0.6,0.4,3.25,1.0,1.0,0.75,0.0,1.0,1.0,2.584962500721156,0.8333333333333334,0.7612612612612613,1.0,4.8,4,4,0,1.25,1.5,4.118986129760742,6,60.0,4,0.27346493749999995,0.3566666666666667,0.6958889961242676,0.9320846875,0.7931666666666667,0.5863636136054993,0.9320846875,0.65861975,5,,0.9,120.0,0,ok,30.507630348205566,
N=6|dead_zone=0.6|link_quality=0.4|n_missions=4|regime=jittery|rrf=60.0,H2,3,3019370883,6,60.0,4,jittery,0.6,0.4,1.25,0.75,0.5,0.0,0.0,1.0,0.9863387978142076,2.5746737280146283,0.5,0.46296296296296297,0.75,1.25,1,4,0,4.0,3.75,10.453270375728607,6,60.0,4,0.24869475000000002,0.35683333333333334,0.696010410785675,0.6600545000000001,0.6726666666666666,0.679870069026947,0.6600545000000001,0.4113597500000001,2,,0.9,120.0,0,ok,52.2589328289032,
N=6|dead_zone=0.6|link_quality=0.4|n_missions=4|regime=jittery|rrf=60.0,H3,3,3019370883,6,60.0,4,jittery,0.6,0.4,1.25,0.75,0.5,0.0,0.0,1.0,0.9863387978142076,2.5746737280146283,0.5,0.46296296296296297,0.75,1.25,3,4,0,4.0,3.75,10.631410002708435,6,60.0,4,0.24869475000000002,0.35683333333333334,0.696010410785675,0.9316905,0.864,0.6270456314086914,0.9316905,0.6829957499999999,4,,0.9,120.0,0,ok,53.316343784332275,
N=6|dead_zone=0.6|link_quality=0.4|n_missions=4|regime=jittery|rrf=60.0,H2,4,4098274927,6,60.0,4,jittery,0.6,0.4,1.0,0.75,0.25,0.25,0.0,1.0,0.9152380952380952,2.51653078086117,0.3333333333333333,0.3333333333333333,0.75,1.0,3,4,0,3.5,4.5,8.995107650756836,6,60.0,4,0.258057125,0.36,0.6959560513496399,0.9029568124999999,0.8535,0.6456575393676758,0.9029568124999999,0.6448996874999999,4,,0.9,120.0,0,ok,45.884538412094116,
N=6|dead_zone=0.6|link_quality=0.4|n_missions=4|regime=jittery|rrf=60.0,H3,4,4098274927,6,60.0,4,jittery,0.6,0.4,1.0,0.75,0.25,0.25,0.0,1.0,0.9152380952380952,2.51653078086117,0.3333333333333333,0.3333333333333333,0.75,1.0,3,4,0,3.5,4.5,9.00644850730896,6,60.0,4,0.258057125,0.36,0.6959560513496399,0.9029568124999999,0.8535,0.6456575393676758,0.9029568124999999,0.6448996874999999,4,,0.9,120.0,0,ok,50.21382522583008,
N=6|dead_zone=0.6|link_quality=0.4|n_missions=4|regime=jittery|rrf=60.0,H2,5,1750114694,6,60.0,4,jittery,0.6,0.4,1.25,1.0,0.25,0.25,0.0,1.0,0.9603174603174603,2.5555489577791537,0.6666666666666666,0.5952380952380952,1.0,1.6666666666666667,3,4,0,2.25,4.0,7.757113516330719,6,60.0,4,0.2455693125,0.3541666666666667,0.6960451006889343,0.903550375,0.776,0.6561272144317627,0.903550375,0.6579810625,4,,0.9,120.0,0,ok,41.33513784408569,
N=6|dead_zone=0.6|link_quality=0.4|n_missions=4|regime=jittery|rrf=60.0,H3,5,1750114694,6,60.0,4,jittery,0.6,0.4,1.25,1.0,0.25,0.25,0.0,1.0,0.9603174603174603,2.5555489577791537,0.6666666666666666,0.5952380952380952,1.0,1.6666666666666667,3,4,0,2.25,4.0,7.672612845897675,6,60.0,4,0.2455693125,0.3541666666666667,0.6960451006889343,0.903550375,0.776,0.6561272144317627,0.903550375,0.6579810625,4,,0.9,120.0,0,ok,40.65729379653931,
N=6|dead_zone=0.6|link_quality=0.4|n_missions=4|regime=jittery|rrf=60.0,H2,6,3364285091,6,60.0,4,jittery,0.6,0.4,2.5,1.0,1.0,0.5,0.0,1.0,0.9950248756218906,2.5812908992306927,0.8333333333333334,0.7575757575757576,1.0,2.0,4,4,0,2.75,3.0,8.651062965393066,6,60.0,4,0.24630156250000002,0.3536666666666667,0.6960362792015076,0.9647791874999999,0.9095,0.5776301026344299,0.9647791874999999,0.7184776249999999,5,4,0.9,120.0,0,ok,45.486560344696045,
N=6|dead_zone=0.6|link_quality=0.4|n_missions=4|regime=jittery|rrf=60.0,H3,6,3364285091,6,60.0,4,jittery,0.6,0.4,2.5,1.0,1.0,0.5,0.0,1.0,0.9950248756218906,2.5812908992306927,0.8333333333333334,0.7575757575757576,1.0,2.0,4,4,0,2.75,3.0,8.666821777820587,6,60.0,4,0.24630156250000002,0.3536666666666667,0.6960362792015076,0.9647791874999999,0.9095,0.5776301026344299,0.9647791874999999,0.7184776249999999,5,4,0.9,120.0,0,ok,47.57177948951721,
N=6|dead_zone=0.6|link_quality=0.4|n_missions=4|regime=jittery|rrf=60.0,H2,7,1893876901,6,60.0,4,jittery,0.6,0.4,2.0,1.0,0.75,0.25,0.0,1.0,1.0,2.584962500721156,0.8333333333333334,0.7619047619047619,1.0,2.4,3,4,0,2.5,2.5,7.86875981092453,6,60.0,4,0.2574081875,0.3581666666666667,0.6959713697433472,0.921106875,0.8265,0.640066385269165,0.921106875,0.6636986874999999,4,,0.9,120.0,0,ok,41.73480558395386,
N=6|dead_zone=0.6|link_quality=0.4|n_missions=4|regime=jittery|rrf=60.0,H3,7,1893876901,6,60.0,4,jittery,0.6,0.4,2.0,1.0,0.75,0.25,0.0,1.0,1.0,2.584962500721156,0.8333333333333334,0.7619047619047619,1.0,2.4,3,4,0,2.5,2.5,7.788571000099182,6,60.0,4,0.2574081875,0.3581666666666667,0.6959713697433472,0.921106875,0.8265,0.640066385269165,0.921106875,0.6636986874999999,4,,0.9,120.0,0,ok,41.12292408943176,
N=6|dead_zone=0.6|link_quality=0.4|n_missions=4|regime=jittery|rrf=60.0,H2,8,793953087,6,60.0,4,jittery,0.6,0.4,1.25,1.0,0.25,0.25,0.0,1.0,0.972972972972973,2.564831257372309,0.6666666666666666,0.5952380952380952,1.0,1.5,4,4,0,3.0,4.0,9.226767003536224,6,60.0,4,0.26966718749999996,0.3566666666666667,0.6959151029586792,0.934820625,0.7906666666666666,0.5747805833816528,0.934820625,0.6651534375,5,,0.9,120.0,0,ok,47.42205619812012,
N=6|dead_zone=0.6|link_quality=0.4|n_missions=4|regime=jittery|rrf=60.0,H3,8,793953087,6,60.0,4,jittery,0.6,0.4,1.25,1.0,0.25,0.25,0.0,1.0,0.972972972972973,2.564831257372309,0.6666666666666666,0.5952380952380952,1.0,1.5,4,4,0,3.0,4.0,9.3056361079216,6,60.0,4,0.26966718749999996,0.3566666666666667,0.6959151029586792,0.934820625,0.7906666666666666,0.5747805833816528,0.934820625,0.6651534375,5,,0.9,120.0,0,ok,47.46071934700012,
N=6|dead_zone=0.6|link_quality=0.4|n_missions=4|regime=jittery|rrf=60.0,H2,9,628897963,6,60.0,4,jittery,0.6,0.4,1.75,0.75,0.75,0.25,0.0,1.0,0.993127147766323,2.579863401068534,0.8333333333333334,0.7424242424242424,0.75,2.1,3,4,0,2.5,2.25,7.775917887687683,6,60.0,4,0.257372375,0.3555,0.6959437727928162,0.9094839374999999,0.8023333333333333,0.632013738155365,0.9094839374999999,0.6521115624999999,4,,0.9,120.0,0,ok,41.21441173553467,
N=6|dead_zone=0.6|link_quality=0.4|n_missions=4|regime=jittery|rrf=60.0,H3,9,628897963,6,60.0,4,jittery,0.6,0.4,1.75,0.75,0.75,0.25,0.0,1.0,0.993127147766323,2.579863401068534,0.8333333333333334,0.7424242424242424,0.75,2.1,3,4,0,2.5,2.25,7.716557323932648,6,60.0,4,0.257372375,0.3555,0.6959437727928162,0.9094839374999999,0.8023333333333333,0.632013738155365,0.9094839374999999,0.6521115624999999,4,,0.9,120.0,0,ok,41.08722257614136,
N=6|dead_zone=0.6|link_quality=0.4|n_missions=4|regime=jittery|rrf=60.0,H2,10,4095360115,6,60.0,4,jittery,0.6,0.4,1.75,0.75,0.75,0.25,0.0,1.0,1.0,2.584962500721156,0.8333333333333334,0.7424242424242424,0.75,2.0,3,4,0,3.0,2.25,9.126321196556091,6,60.0,4,0.252010625,0.3566666666666667,0.6959980726242065,0.9216469375,0.8043333333333333,0.6295586824417114,0.9216469375,0.6696363125,4,,0.9,120.0,0,ok,48.58654522895813,
N=6|dead_zone=0.6|link_quality=0.4|n_missions=4|regime=jittery|rrf=60.0,H3,10,4095360115,6,60.0,4,jittery,0.6,0.4,1.75,0.75,0.75,0.25,0.0,1.0,1.0,2.584962500721156,0.8333333333333334,0.7424242424242424,0.75,2.0,3,4,0,3.0,2.25,9.149178743362427,6,60.0,4,0.252010625,0.3566666666666667,0.6959980726242065,0.9216469375,0.8043333333333333,0.6295586824417114,0.9216469375,0.6696363125,4,,0.9,120.0,0,ok,47.59283661842346,
N=6|dead_zone=0.6|link_quality=0.4|n_missions=4|regime=jittery|rrf=60.0,H2,11,2297370978,6,60.0,4,jittery,0.6,0.4,1.0,0.75,0.25,0.0,0.0,1.0,0.9863813229571985,2.5744957240833592,0.3333333333333333,0.3333333333333333,0.75,1.6923076923076923,3,4,0,3.25,2.5,10.759782254695892,6,60.0,4,0.247815,0.3566666666666667,0.6960052251815796,0.9601888125,0.861,0.6206445097923279,0.9601888125,0.7123738125,4,,0.9,120.0,0,ok,53.80365872383118,
N=6|dead_zone=0.6|link_quality=0.4|n_missions=4|regime=jittery|rrf=60.0,H3,11,2297370978,6,60.0,4,jittery,0.6,0.4,1.0,0.75,0.25,0.0,0.0,1.0,0.9863813229571985,2.5744957240833592,0.3333333333333333,0.3333333333333333,0.75,1.6923076923076923,3,4,0,3.25,2.5,10.790081799030304,6,60.0,4,0.247815,0.3566666666666667,0.6960052251815796,0.9601888125,0.861,0.6206445097923279,0.9601888125,0.7123738125,4,,0.9,120.0,0,ok,53.534523487091064,
N=6|dead_zone=0.6|link_quality=0.4|n_missions=4|regime=jittery|rrf=60.0,H2,12,892113962,6,60.0,4,jittery,0.6,0.4,2.0,1.0,0.5,0.5,0.0,1.0,1.0,2.584962500721156,0.6666666666666666,0.5925925925925926,1.0,2.0,2,4,0,3.0,3.0,8.483983397483826,6,60.0,4,0.26857712499999997,0.35433333333333333,0.6959007382392883,0.8661158125,0.7925,0.6751964688301086,0.8661158125,0.5975386875,3,,0.9,120.0,0,ok,45.36091494560242,
N=6|dead_zone=0.6|link_quality=0.4|n_missions=4|regime=jittery|rrf=60.0,H3,12,892113962,6,60.0,4,jittery,0.6,0.4,2.0,1.0,0.5,0.5,0.0,1.0,1.0,2.584962500721156,0.6666666666666666,0.5925925925925926,1.0,2.0,4,4,0,3.0,3.0,8.657789170742035,6,60.0,4,0.26857712499999997,0.35433333333333333,0.6959007382392883,0.9583448125,0.81,0.5804104208946228,0.9583448125,0.6897676875000001,5,,0.9,120.0,0,ok,49.39125943183899,
N=6|dead_zone=0.6|link_quality=0.4|n_missions=4|regime=jittery|rrf=60.0,H2,13,283137782,6,60.0,4,jittery,0.6,0.4,1.0,0.5,0.5,0.5,0.0,1.0,0.9918032786885246,2.578992712198113,0.6666666666666666,0.6666666666666666,0.5,1.3333333333333333,2,4,0,3.0,2.0,9.611170411109924,6,60.0,4,0.28199656250000005,0.3536666666666667,0.6958645582199097,0.8813255000000001,0.7306666666666667,0.6610676646232605,0.8813255000000001,0.5993289375,3,,0.9,120.0,0,ok,48.80367875099182,
N=6|dead_zone=0.6|link_quality=0.4|n_missions=4|regime=jittery|rrf=60.0,H3,13,283137782,6,60.0,4,jittery,0.6,0.4,1.75,0.75,0.75,0.25,0.0,1.0,0.9801864801864801,2.5704397390021456,0.8333333333333334,0.7424242424242424,0.75,1.5454545454545454,3,4,0,2.75,3.0,8.165185391902924,6,60.0,4,0.28199656250000005,0.3536666666666667,0.6958645582199097,0.90859075,0.8536666666666667,0.6379225850105286,0.90859075,0.6265941875,4,,0.9,120.0,0,ok,42.8331024646759,
N=6|dead_zone=0.6|link_quality=0.4|n_missions=4|regime=jittery|rrf=60.0,H2,14,3535880351,6,60.0,4,jittery,0.6,0.4,1.25,1.0,0.25,0.0,0.0,1.0,0.9950248756218906,2.5812908992306927,0.5,0.46296296296296297,1.0,2.2,4,4,0,2.5,2.5,7.8561148047447205,6,60.0,4,0.277955125,0.3601666666666667,0.6959047913551331,0.9706189375000001,0.7898333333333334,0.5708848237991333,0.9706189375000001,0.6926638125,5,,0.9,120.0,0,ok,42.12618136405945,
N=6|dead_zone=0.6|link_quality=0.4|n_missions=4|regime=jittery|rrf=60.0,H3,14,3535880351,6,60.0,4,jittery,0.6,0.4,1.25,1.0,0.25,0.0,0.0,1.0,0.9950248756218906,2.5812908992306927,0.5,0.46296296296296297,1.0,2.2,4,4,0,2.5,2.5,7.941785752773285,6,60.0,4,0.277955125,0.3601666666666667,0.6959047913551331,0.9706189375000001,0.7898333333333334,0.5708848237991333,0.9706189375000001,0.6926638125,5,,0.9,120.0,0,ok,42.17906880378723,
N=6|dead_zone=0.6|link_quality=0.4|n_missions=4|regime=jittery|rrf=60.0,H2,15,337138026,6,60.0,4,jittery,0.6,0.4,1.5,1.0,0.5,0.0,0.0,1.0,1.0,2.584962500721156,0.5,0.5,1.0,2.0,4,4,0,3.0,3.0,8.521248936653137,6,60.0,4,0.267142375,0.35733333333333334,0.6959217190742493,0.9342706250000001,0.8798333333333334,0.578639566898346,0.9342706250000001,0.6671282500000002,5,,0.9,120.0,0,ok,43.948408365249634,
N=6|dead_zone=0.6|link_quality=0.4|n_missions=4|regime=jittery|rrf=60.0,H3,15,337138026,6,60.0,4,jittery,0.6,0.4,1.5,1.0,0.5,0.0,0.0,1.0,1.0,2.584962500721156,0.5,0.5,1.0,2.0,4,4,0,3.0,3.0,8.441515564918518,6,60.0,4,0.267142375,0.35733333333333334,0.6959217190742493,0.9342706250000001,0.8798333333333334,0.578639566898346,0.9342706250000001,0.6671282500000002,5,,0.9,120.0,0,ok,43.5327262878418,
N=6|dead_zone=0.6|link_quality=0.4|n_missions=4|regime=jittery|rrf=60.0,H2,16,3629592283,6,60.0,4,jittery,0.6,0.4,2.75,1.0,0.75,0.75,0.0,1.0,1.0,2.584962500721156,0.8333333333333334,0.7469135802469136,1.0,2.4,4,4,0,2.5,3.0,6.398778080940247,6,60.0,4,0.2573594375,0.3565,0.6960083246231079,0.9516666250000001,0.7986666666666666,0.6008071303367615,0.9516666250000001,0.6943071875000001,5,,0.9,120.0,0,ok,38.481786489486694,
N=6|dead_zone=0.6|link_quality=0.4|n_missions=4|regime=jittery|rrf=60.0,H3,16,3629592283,6,60.0,4,jittery,0.6,0.4,2.25,1.0,0.5,0.5,0.0,1.0,0.9944903581267218,2.5810309627563695,0.8333333333333334,0.7105263157894737,1.0,2.4,4,4,0,2.5,2.75,6.519038915634155,6,60.0,4,0.2573594375,0.3565,0.6960083246231079,0.9728390625,0.799,0.5897717475891113,0.9728390625,0.715479625,5,,0.9,120.0,0,ok,36.405678272247314,
N=6|dead_zone=0.6|link_quality=0.4|n_missions=4|regime=jittery|rrf=60.0,H2,17,2553048395,6,60.0,4,jittery,0.6,0.4,1.75,1.0,0.75,0.0,0.0,1.0,1.0,2.584962500721156,0.6666666666666666,0.6282051282051282,1.0,2.0,4,4,0,3.0,3.0,10.02917617559433,6,60.0,4,0.26091637500000003,0.35733333333333334,0.695949137210846,0.955377625,0.8913333333333333,0.5800308585166931,0.955377625,0.69446125,5,,0.9,120.0,0,ok,49.88901448249817,
N=6|dead_zone=0.6|link_quality=0.4|n_missions=4|regime=jittery|rrf=60.0,H3,17,2553048395,6,60.0,4,jittery,0.6,0.4,1.75,1.0,0.75,0.0,0.0,1.0,1.0,2.584962500721156,0.6666666666666666,0.6282051282051282,1.0,2.0,4,4,0,3.0,3.0,9.946704924106598,6,60.0,4,0.26091637500000003,0.35733333333333334,0.695949137210846,0.955377625,0.8913333333333333,0.5800308585166931,0.955377625,0.69446125,5,,0.9,120.0,0,ok,50.23882699012756,
N=6|dead_zone=0.6|link_quality=0.4|n_missions=4|regime=jittery|rrf=60.0,H2,18,1687592285,6,60.0,4,jittery,0.6,0.4,1.75,1.0,0.25,0.25,0.0,1.0,0.9704301075268817,2.560671912866221,1.0,0.9074074074074074,1.0,1.6666666666666667,2,4,0,3.0,4.0,7.769028604030609,6,60.0,4,0.27618662499999996,0.3555,0.695851743221283,0.875157,0.8476666666666667,0.6707206964492798,0.875157,0.5989703749999999,3,,0.9,120.0,0,ok,41.83267068862915,
N=6|dead_zone=0.6|link_quality=0.4|n_missions=4|regime=jittery|rrf=60.0,H3,18,1687592285,6,60.0,4,jittery,0.6,0.4,1.75,1.0,0.25,0.25,0.0,1.0,0.9704301075268817,2.560671912866221,1.0,0.9074074074074074,1.0,1.6666666666666667,4,4,0,3.0,4.0,7.9528332352638245,6,60.0,4,0.27618662499999996,0.3555,0.695851743221283,0.9565329375000001,0.7873333333333333,0.5954312086105347,0.9565329375000001,0.6803463125000002,5,,0.9,120.0,0,ok,42.467705965042114,
N=6|dead_zone=0.6|link_quality=0.4|n_missions=4|regime=jittery|rrf=60.0,H2,19,3032982914,6,60.0,4,jittery,0.6,0.4,1.25,1.0,0.25,0.0,0.0,1.0,0.9808429118773946,2.5718847866691474,0.5,0.3787878787878788,1.0,1.75,4,4,0,2.0,3.5,5.4229742884635925,6,60.0,4,0.2825025,0.3585,0.695848286151886,0.9719060625,0.8951666666666667,0.5890114903450012,0.9719060625,0.6894035625,5,,0.9,120.0,0,ok,36.41188621520996,
N=6|dead_zone=0.6|link_quality=0.4|n_missions=4|regime=jittery|rrf=60.0,H3,19,3032982914,6,60.0,4,jittery,0.6,0.4,1.25,1.0,0.25,0.0,0.0,1.0,0.9808429118773946,2.5718847866691474,0.5,0.3787878787878788,1.0,1.75,4,4,0,2.0,3.5,5.464275240898132,6,60.0,4,0.2825025,0.3585,0.695848286151886,0.9719060625,0.8951666666666667,0.5890114903450012,0.9719060625,0.6894035625,5,,0.9,120.0,0,ok,32.41521954536438,
