cell_id,arm,trial_index,seed,trace_root,mission_budget_s,mission_window_adaptation,aggregation,aggregation_params,fedprox_rho,pass_2_budget,deadline_law,deadline_params,miss_priority,n_mules,min_participation,dock_params,policy_params,mission_clock,contact_band,in_flight_response,backhaul_model,contact_reliability_source,deadline_time_scale,initial_window_s,t_nom_s,session_ttl_s,ferry_params,l1_channel,realism,input_dim,status,update_yield,round_close_rate_kmin1,round_close_rate_kmin2,round_close_rate_kminhalf,round_close_rate_kminN,coverage,jains_fairness,participation_entropy,mission_completion_rate,completion_fairness,pass2_coverage,rho_contact,rounds_closed,missions_completed,mission_failures,pass1_contacts_mean,pass2_contacts_mean,mission_duration_s_mean,n_devices,rf_range_m,n_missions_target,init_auc,init_accuracy,init_loss,final_auc,final_accuracy,final_loss,best_auc,delta_auc,rounds_evaluated,t_at_tau_round,tau,sim_mission_duration_s_mean,sim_transit_s_mean,sim_dwell_s_mean,sim_listen_s_mean,sim_return_s_mean,sim_upload_s_mean,sim_turnaround_s_mean,sim_dock_wait_s_mean,sim_energy_j_mean,energy_status,sim_budget_overrun_s_mean,sim_budget_overrun_rate,sim_replans,sim_aborts,sim_inserts,missions_empty,backhaul_lost_missions,deferred_missions,expired_missions,unmerged_missions,network_aou_mean,network_aou_final,age_max,age_p95,merged_total,jain_merged,deadline_admitted,deadline_missed,deadline_miss_rate,deadline_basis,cap_s,cap_violations,cap_violation_devices,cap_violation_events,band_shares,plan_served_share_mean,plan_v_mean,far_served_share,policy_drops,reached_tau0.71,missions_to_tau0.71,rounds_to_tau0.71,wall_s_to_tau0.71,sim_s_to_tau0.71,reached_tau0.82,missions_to_tau0.82,rounds_to_tau0.82,wall_s_to_tau0.82,sim_s_to_tau0.82,pair_decisions,pair_feasible_mean,pair_mask_empty,pair_fx_agree_share,pair_band_off_bbar_share,pair_reorder_share,e3_unvisited_mean,plan_wall_s_mean,plan_wall_s_p95,plan_search_shares,pair_wall_s_mean,pair_wall_s_p95,pair_mask_wall_s_mean,e3_wall_s_mean,e3_wall_s_p95,e3_mask_wall_s_mean,flight_decisions_per_mission,trial_processes,peak_rss_mib_total,peak_rss_mib_cluster,peak_rss_mib_mule,peak_rss_mib_device
N=18-dead_zone=0.6-link_quality=0.4-n_missions=4-regime=jittery-rrf=60.0,FX,0,1426590297,results\exp5\b1\s511b\n18k3_knee__FX_traces,240.0,0,agg:cutoff,"{""a_max"": null, ""buffer_k"": null, ""decay"": 0.5, ""fedex_n"": null, ""hinge_a"": 1.0, ""hinge_b"": 0.0, ""period_s"": 159.50864992916985, ""server_lr"": 1.0, ""value"": ""uniform""}",0.0,0,multiplicative,"{""beta_on"": 0.8, ""beta_partial"": 1.25, ""beta_timeout"": 1.5, ""expire_overrides"": null, ""phi_max"": 300.0, ""phi_min"": 5.0}",1,3,1,"{""dock_on_empty"": true, ""down_wait_s"": 14898.0}",,sim,search,replan,,channel,15.950864992916985,,159.50864992916985,34.0,"{""age_cap_lookahead"": 0, ""age_cap_missions"": 2, ""altitude_m"": 25.0, ""backhaul_period_s"": null, ""backhaul_policy"": ""fixed"", ""backhaul_regime"": ""jittery"", ""band_class_policy"": ""search"", ""contact_band_classes"": null, ""contact_regime"": ""jittery"", ""cruise_speed_m_s"": 5.0, ""deadline_bounds"": ""collection"", ""energy_capacity_j"": null, ""flight_slot"": ""cross_heuristic"", ""interference_period_s"": 60.0, ""listen_s"": 1.0, ""margin_quantile"": 0.9, ""member_admission"": ""subset"", ""n_pl"": 2.2, ""noise_bin_s"": 1.0, ""p_hover_w"": null, ""p_move_w"": null, ""payload_bytes"": 1000000, ""plan_mode"": ""ferry"", ""plan_score_params"": {}, ""plan_search_params"": {}, ""replan_fallback"": ""trim"", ""shadow_corr_s"": 7.4, ""shadow_keying"": ""time"", ""shadow_sigma_db"": 4.0, ""snr_floor_db"": -6.7, ""t_nom_computed"": true, ""turnaround_s"": 30.0}",,1,21,ok,3.75,1.0,1.0,0.9166666666666666,0.0,1.0,0.9991693540506206,4.169301515418926,1.0,0.7758620689655172,1.0,6.0,12,12,0,1.0,1.0,7.37215922276179,18,60.0,4,0.2756555625,0.3556666666666667,0.6958991885185242,0.8120213124999999,0.6585,0.670928955078125,0.8120213124999999,0.5363657499999999,13,2,0.71,116.5716670184532,24.642993917460235,35.886485857413696,1.0,24.642993917460235,0.3991933260943616,30.0,0.0,13292.840720068789,simulated,0.0,0.0,0,0,0,0,0,0,0,0,0.4583333333333334,0.6666666666666667,3,2.0,45,0.7758620689655172,72,27,0.375,device,2,9,8,"{""crowded"": 0, ""dropped_in_flight"": 0, ""not_merged"": 9, ""unplannable"": 0}","{""medium"": 0.75, ""narrow"": 0.25}",1.0,-0.6060662300092021,0.6875,,1,1,2,13.718435049057007,34.52260475791991,0,,,,,,,,,,,,0.047974991670344025,0.07929008003557099,"{""exact"": 1.0, ""local"": 0.0, ""stop_subsets"": 0.0}",,,,,,,,22,8482.484375,426.28515625,45.265625,446.83984375
N=18-dead_zone=0.6-link_quality=0.4-n_missions=4-regime=jittery-rrf=60.0,FX,10,2343726511,results\exp5\b1\s511b\n18k3_knee__FX_traces,240.0,0,agg:cutoff,"{""a_max"": null, ""buffer_k"": null, ""decay"": 0.5, ""fedex_n"": null, ""hinge_a"": 1.0, ""hinge_b"": 0.0, ""period_s"": 159.50864992916985, ""server_lr"": 1.0, ""value"": ""uniform""}",0.0,0,multiplicative,"{""beta_on"": 0.8, ""beta_partial"": 1.25, ""beta_timeout"": 1.5, ""expire_overrides"": null, ""phi_max"": 300.0, ""phi_min"": 5.0}",1,3,1,"{""dock_on_empty"": true, ""down_wait_s"": 14898.0}",,sim,search,replan,,channel,15.950864992916985,,159.50864992916985,34.0,"{""age_cap_lookahead"": 0, ""age_cap_missions"": 2, ""altitude_m"": 25.0, ""backhaul_period_s"": null, ""backhaul_policy"": ""fixed"", ""backhaul_regime"": ""jittery"", ""band_class_policy"": ""search"", ""contact_band_classes"": null, ""contact_regime"": ""jittery"", ""cruise_speed_m_s"": 5.0, ""deadline_bounds"": ""collection"", ""energy_capacity_j"": null, ""flight_slot"": ""cross_heuristic"", ""interference_period_s"": 60.0, ""listen_s"": 1.0, ""margin_quantile"": 0.9, ""member_admission"": ""subset"", ""n_pl"": 2.2, ""noise_bin_s"": 1.0, ""p_hover_w"": null, ""p_move_w"": null, ""payload_bytes"": 1000000, ""plan_mode"": ""ferry"", ""plan_score_params"": {}, ""plan_search_params"": {}, ""replan_fallback"": ""trim"", ""shadow_corr_s"": 7.4, ""shadow_keying"": ""time"", ""shadow_sigma_db"": 4.0, ""snr_floor_db"": -6.7, ""t_nom_computed"": true, ""turnaround_s"": 30.0}",,1,21,ok,3.0,1.0,0.9166666666666666,0.75,0.0,1.0,1.0,4.169925001442312,0.8888888888888888,0.7058823529411765,1.0,6.0,12,12,0,1.0,1.0,6.165965437889099,18,60.0,4,0.2526659375,0.357,0.6959818005561829,0.7899263125,0.714,0.6718331575393677,0.7899263125,0.537260375,13,3,0.71,113.20264770140056,24.246028075495555,33.31139822419694,1.0,24.246028075495555,0.3991933260943616,30.0,0.0,12744.929864059508,simulated,0.0,0.0,0,0,0,0,0,0,0,0,0.7453703703703703,1.0555555555555556,4,3.0,36,0.7058823529411765,72,36,0.5,device,2,14,8,"{""crowded"": 0, ""dropped_in_flight"": 0, ""not_merged"": 14, ""unplannable"": 0}","{""medium"": 0.6666666666666666, ""wide"": 0.3333333333333333}",1.0,-0.744911095592045,0.5833333333333334,,1,1,3,14.73636531829834,38.59507968276739,0,,,,,,,,,,,,0.03978692503490796,0.06995780998840928,"{""exact"": 1.0, ""local"": 0.0, ""stop_subsets"": 0.0}",,,,,,,,22,8482.80859375,426.9609375,45.61328125,446.99609375
N=18-dead_zone=0.6-link_quality=0.4-n_missions=4-regime=jittery-rrf=60.0,FX,11,2771712226,results\exp5\b1\s511b\n18k3_knee__FX_traces,240.0,0,agg:cutoff,"{""a_max"": null, ""buffer_k"": null, ""decay"": 0.5, ""fedex_n"": null, ""hinge_a"": 1.0, ""hinge_b"": 0.0, ""period_s"": 159.50864992916985, ""server_lr"": 1.0, ""value"": ""uniform""}",0.0,0,multiplicative,"{""beta_on"": 0.8, ""beta_partial"": 1.25, ""beta_timeout"": 1.5, ""expire_overrides"": null, ""phi_max"": 300.0, ""phi_min"": 5.0}",1,3,1,"{""dock_on_empty"": true, ""down_wait_s"": 14898.0}",,sim,search,replan,,channel,15.950864992916985,,159.50864992916985,34.0,"{""age_cap_lookahead"": 0, ""age_cap_missions"": 2, ""altitude_m"": 25.0, ""backhaul_period_s"": null, ""backhaul_policy"": ""fixed"", ""backhaul_regime"": ""jittery"", ""band_class_policy"": ""search"", ""contact_band_classes"": null, ""contact_regime"": ""jittery"", ""cruise_speed_m_s"": 5.0, ""deadline_bounds"": ""collection"", ""energy_capacity_j"": null, ""flight_slot"": ""cross_heuristic"", ""interference_period_s"": 60.0, ""listen_s"": 1.0, ""margin_quantile"": 0.9, ""member_admission"": ""subset"", ""n_pl"": 2.2, ""noise_bin_s"": 1.0, ""p_hover_w"": null, ""p_move_w"": null, ""payload_bytes"": 1000000, ""plan_mode"": ""ferry"", ""plan_score_params"": {}, ""plan_search_params"": {}, ""replan_fallback"": ""trim"", ""shadow_corr_s"": 7.4, ""shadow_keying"": ""time"", ""shadow_sigma_db"": 4.0, ""snr_floor_db"": -6.7, ""t_nom_computed"": true, ""turnaround_s"": 30.0}",,1,21,ok,3.25,0.9166666666666666,0.9166666666666666,0.75,0.0,1.0,0.9918489918489919,4.163746018998379,0.8333333333333334,0.7612612612612613,0.9027777777777778,6.0,11,12,0,1.0,0.9166666666666666,5.790251314640045,18,60.0,4,0.269496375,0.3621666666666667,0.6958938837051392,0.8006068749999999,0.7233333333333334,0.6755710244178772,0.8006068749999999,0.5311104999999999,12,7,0.71,113.79938532505184,24.447397899026672,33.622301179314185,1.0,24.447397899026672,0.2822883478057694,30.0,0.0,12855.150425314903,simulated,0.0,0.0,0,0,0,1,0,0,0,0,0.7592592592592594,0.9444444444444444,4,3.25,39,0.7612612612612613,72,33,0.4583333333333333,device,2,13,7,"{""crowded"": 0, ""dropped_in_flight"": 0, ""not_merged"": 13, ""unplannable"": 0}","{""medium"": 0.8333333333333334, ""narrow"": 0.16666666666666666}",1.0,-0.6488197379892183,0.6730769230769231,,1,4,7,21.615156888961792,275.6147179270629,0,,,,,,,,,,,,0.046001008323704205,0.07190953500103205,"{""exact"": 1.0, ""local"": 0.0, ""stop_subsets"": 0.0}",,,,,,,,22,8461.1484375,426.32421875,45.31640625,446.96484375
N=18-dead_zone=0.6-link_quality=0.4-n_missions=4-regime=jittery-rrf=60.0,FX,12,828726394,results\exp5\b1\s511b\n18k3_knee__FX_traces,240.0,0,agg:cutoff,"{""a_max"": null, ""buffer_k"": null, ""decay"": 0.5, ""fedex_n"": null, ""hinge_a"": 1.0, ""hinge_b"": 0.0, ""period_s"": 159.50864992916985, ""server_lr"": 1.0, ""value"": ""uniform""}",0.0,0,multiplicative,"{""beta_on"": 0.8, ""beta_partial"": 1.25, ""beta_timeout"": 1.5, ""expire_overrides"": null, ""phi_max"": 300.0, ""phi_min"": 5.0}",1,3,1,"{""dock_on_empty"": true, ""down_wait_s"": 14898.0}",,sim,search,replan,,channel,15.950864992916985,,159.50864992916985,34.0,"{""age_cap_lookahead"": 0, ""age_cap_missions"": 2, ""altitude_m"": 25.0, ""backhaul_period_s"": null, ""backhaul_policy"": ""fixed"", ""backhaul_regime"": ""jittery"", ""band_class_policy"": ""search"", ""contact_band_classes"": null, ""contact_regime"": ""jittery"", ""cruise_speed_m_s"": 5.0, ""deadline_bounds"": ""collection"", ""energy_capacity_j"": null, ""flight_slot"": ""cross_heuristic"", ""interference_period_s"": 60.0, ""listen_s"": 1.0, ""margin_quantile"": 0.9, ""member_admission"": ""subset"", ""n_pl"": 2.2, ""noise_bin_s"": 1.0, ""p_hover_w"": null, ""p_move_w"": null, ""payload_bytes"": 1000000, ""plan_mode"": ""ferry"", ""plan_score_params"": {}, ""plan_search_params"": {}, ""replan_fallback"": ""trim"", ""shadow_corr_s"": 7.4, ""shadow_keying"": ""time"", ""shadow_sigma_db"": 4.0, ""snr_floor_db"": -6.7, ""t_nom_computed"": true, ""turnaround_s"": 30.0}",,1,21,ok,4.0,1.0,1.0,1.0,0.0,1.0,1.0,4.169925001442312,0.9444444444444444,0.8533333333333334,1.0,5.538461538461538,12,12,0,1.0833333333333333,1.1666666666666667,5.914989809195201,18,60.0,4,0.25862568750000003,0.35733333333333334,0.6959460973739624,0.82516925,0.73,0.6752060055732727,0.82516925,0.5665435624999999,13,4,0.71,127.51840140110774,32.71566418112929,32.92931819387013,1.0,30.565468101240725,0.30795092487902115,30.0,0.0,14804.260711415453,simulated,0.0,0.0,0,0,0,0,0,0,0,0,0.4212962962962963,0.7222222222222222,4,2.0,48,0.8533333333333334,72,24,0.3333333333333333,device,2,7,4,"{""crowded"": 0, ""dropped_in_flight"": 0, ""not_merged"": 7, ""unplannable"": 0}","{""medium"": 0.46153846153846156, ""narrow"": 0.15384615384615385, ""wide"": 0.38461538461538464}",1.0,-0.6880498515628618,0.65,,1,2,4,17.570713758468628,147.94833788415417,0,,,,,,,,,,,,0.03682626661611721,0.05322780990973115,"{""exact"": 1.0, ""local"": 0.0, ""stop_subsets"": 0.0}",,,,,,,,22,8479.33203125,427.05859375,45.140625,448.66015625
N=18-dead_zone=0.6-link_quality=0.4-n_missions=4-regime=jittery-rrf=60.0,FX,13,3115597504,results\exp5\b1\s511b\n18k3_knee__FX_traces,240.0,0,agg:cutoff,"{""a_max"": null, ""buffer_k"": null, ""decay"": 0.5, ""fedex_n"": null, ""hinge_a"": 1.0, ""hinge_b"": 0.0, ""period_s"": 159.50864992916985, ""server_lr"": 1.0, ""value"": ""uniform""}",0.0,0,multiplicative,"{""beta_on"": 0.8, ""beta_partial"": 1.25, ""beta_timeout"": 1.5, ""expire_overrides"": null, ""phi_max"": 300.0, ""phi_min"": 5.0}",1,3,1,"{""dock_on_empty"": true, ""down_wait_s"": 14898.0}",,sim,search,replan,,channel,15.950864992916985,,159.50864992916985,34.0,"{""age_cap_lookahead"": 0, ""age_cap_missions"": 2, ""altitude_m"": 25.0, ""backhaul_period_s"": null, ""backhaul_policy"": ""fixed"", ""backhaul_regime"": ""jittery"", ""band_class_policy"": ""search"", ""contact_band_classes"": null, ""contact_regime"": ""jittery"", ""cruise_speed_m_s"": 5.0, ""deadline_bounds"": ""collection"", ""energy_capacity_j"": null, ""flight_slot"": ""cross_heuristic"", ""interference_period_s"": 60.0, ""listen_s"": 1.0, ""margin_quantile"": 0.9, ""member_admission"": ""subset"", ""n_pl"": 2.2, ""noise_bin_s"": 1.0, ""p_hover_w"": null, ""p_move_w"": null, ""payload_bytes"": 1000000, ""plan_mode"": ""ferry"", ""plan_score_params"": {}, ""plan_search_params"": {}, ""replan_fallback"": ""trim"", ""shadow_corr_s"": 7.4, ""shadow_keying"": ""time"", ""shadow_sigma_db"": 4.0, ""snr_floor_db"": -6.7, ""t_nom_computed"": true, ""turnaround_s"": 30.0}",,1,21,ok,2.5,1.0,0.8333333333333334,0.5,0.0,1.0,0.9991693540506206,4.169301515418926,0.7777777777777778,0.6097560975609756,1.0,6.0,12,12,0,1.0,1.0,6.931917031606038,18,60.0,4,0.2527869375,0.3596666666666667,0.6959718465805054,0.8275697500000001,0.7176666666666667,0.6701233983039856,0.8275697500000001,0.5747828125000001,13,2,0.71,113.98815451474123,24.84632766969514,32.896305849242104,1.0,24.84632766969514,0.3991933260943616,30.0,0.0,12847.39284233374,simulated,0.0,0.0,0,0,0,0,0,0,0,0,0.9537037037037037,1.5555555555555558,4,3.0,30,0.6097560975609756,72,42,0.5833333333333334,device,2,21,10,"{""crowded"": 0, ""dropped_in_flight"": 0, ""not_merged"": 21, ""unplannable"": 0}","{""medium"": 0.5, ""narrow"": 0.25, ""wide"": 0.25}",1.0,-0.613064312094221,0.46153846153846156,,1,1,2,12.668424606323242,42.02608802635223,0,,,,,,,,,,,,0.04328449167466412,0.07201115005882457,"{""exact"": 1.0, ""local"": 0.0, ""stop_subsets"": 0.0}",,,,,,,,22,8490.375,426.27734375,44.90234375,446.34375
N=18-dead_zone=0.6-link_quality=0.4-n_missions=4-regime=jittery-rrf=60.0,FX,14,454672802,results\exp5\b1\s511b\n18k3_knee__FX_traces,240.0,0,agg:cutoff,"{""a_max"": null, ""buffer_k"": null, ""decay"": 0.5, ""fedex_n"": null, ""hinge_a"": 1.0, ""hinge_b"": 0.0, ""period_s"": 159.50864992916985, ""server_lr"": 1.0, ""value"": ""uniform""}",0.0,0,multiplicative,"{""beta_on"": 0.8, ""beta_partial"": 1.25, ""beta_timeout"": 1.5, ""expire_overrides"": null, ""phi_max"": 300.0, ""phi_min"": 5.0}",1,3,1,"{""dock_on_empty"": true, ""down_wait_s"": 14898.0}",,sim,search,replan,,channel,15.950864992916985,,159.50864992916985,34.0,"{""age_cap_lookahead"": 0, ""age_cap_missions"": 2, ""altitude_m"": 25.0, ""backhaul_period_s"": null, ""backhaul_policy"": ""fixed"", ""backhaul_regime"": ""jittery"", ""band_class_policy"": ""search"", ""contact_band_classes"": null, ""contact_regime"": ""jittery"", ""cruise_speed_m_s"": 5.0, ""deadline_bounds"": ""collection"", ""energy_capacity_j"": null, ""flight_slot"": ""cross_heuristic"", ""interference_period_s"": 60.0, ""listen_s"": 1.0, ""margin_quantile"": 0.9, ""member_admission"": ""subset"", ""n_pl"": 2.2, ""noise_bin_s"": 1.0, ""p_hover_w"": null, ""p_move_w"": null, ""payload_bytes"": 1000000, ""plan_mode"": ""ferry"", ""plan_score_params"": {}, ""plan_search_params"": {}, ""replan_fallback"": ""trim"", ""shadow_corr_s"": 7.4, ""shadow_keying"": ""time"", ""shadow_sigma_db"": 4.0, ""snr_floor_db"": -6.7, ""t_nom_computed"": true, ""turnaround_s"": 30.0}",,1,21,ok,4.166666666666667,1.0,1.0,0.9166666666666666,0.08333333333333333,1.0,0.9984155278272925,4.168740296203227,0.9444444444444444,0.8680555555555556,0.9722222222222222,5.538461538461538,12,12,0,1.0833333333333333,1.0,6.704867283503215,18,60.0,4,0.2581756875,0.3621666666666667,0.6959611773490906,0.8042651875,0.7256666666666667,0.6754366159439087,0.8042651875,0.5460895,13,3,0.71,127.53514683970327,30.095720175268024,37.571645775897196,1.0,28.55982996369278,0.30795092487902115,30.0,0.0,14922.259313193455,simulated,0.0,0.0,0,0,0,0,0,0,0,0,0.3981481481481482,0.38888888888888884,4,2.0,50,0.8680555555555556,72,22,0.3055555555555556,device,2,7,4,"{""crowded"": 0, ""dropped_in_flight"": 0, ""not_merged"": 7, ""unplannable"": 0}","{""medium"": 0.6923076923076923, ""narrow"": 0.07692307692307693, ""wide"": 0.23076923076923078}",1.0,-0.7647169727125935,0.7083333333333334,,1,1,3,14.614501476287842,42.89700791030191,0,,,,,,,,,,,,0.053623425017576665,0.08469046007376163,"{""exact"": 1.0, ""local"": 0.0, ""stop_subsets"": 0.0}",,,,,,,,22,8497.0234375,426.6015625,45.125,446.62109375
N=18-dead_zone=0.6-link_quality=0.4-n_missions=4-regime=jittery-rrf=60.0,FX,15,1484927457,results\exp5\b1\s511b\n18k3_knee__FX_traces,240.0,0,agg:cutoff,"{""a_max"": null, ""buffer_k"": null, ""decay"": 0.5, ""fedex_n"": null, ""hinge_a"": 1.0, ""hinge_b"": 0.0, ""period_s"": 159.50864992916985, ""server_lr"": 1.0, ""value"": ""uniform""}",0.0,0,multiplicative,"{""beta_on"": 0.8, ""beta_partial"": 1.25, ""beta_timeout"": 1.5, ""expire_overrides"": null, ""phi_max"": 300.0, ""phi_min"": 5.0}",1,3,1,"{""dock_on_empty"": true, ""down_wait_s"": 14898.0}",,sim,search,replan,,channel,15.950864992916985,,159.50864992916985,34.0,"{""age_cap_lookahead"": 0, ""age_cap_missions"": 2, ""altitude_m"": 25.0, ""backhaul_period_s"": null, ""backhaul_policy"": ""fixed"", ""backhaul_regime"": ""jittery"", ""band_class_policy"": ""search"", ""contact_band_classes"": null, ""contact_regime"": ""jittery"", ""cruise_speed_m_s"": 5.0, ""deadline_bounds"": ""collection"", ""energy_capacity_j"": null, ""flight_slot"": ""cross_heuristic"", ""interference_period_s"": 60.0, ""listen_s"": 1.0, ""margin_quantile"": 0.9, ""member_admission"": ""subset"", ""n_pl"": 2.2, ""noise_bin_s"": 1.0, ""p_hover_w"": null, ""p_move_w"": null, ""payload_bytes"": 1000000, ""plan_mode"": ""ferry"", ""plan_score_params"": {}, ""plan_search_params"": {}, ""replan_fallback"": ""trim"", ""shadow_corr_s"": 7.4, ""shadow_keying"": ""time"", ""shadow_sigma_db"": 4.0, ""snr_floor_db"": -6.7, ""t_nom_computed"": true, ""turnaround_s"": 30.0}",,1,21,ok,4.0,0.9166666666666666,0.9166666666666666,0.9166666666666666,0.0,1.0,1.0,4.169925001442312,0.9444444444444444,0.810126582278481,1.0,6.0,11,12,0,1.0,1.0,5.463966012001038,18,60.0,4,0.25735531250000004,0.3575,0.6959483027458191,0.8295973125000001,0.703,0.671750009059906,0.8295973125000001,0.5722420000000001,12,5,0.71,124.07490620277046,25.445538490994547,41.87587829589999,1.0,25.445538490994547,0.30795092487902115,30.0,0.0,14532.544147472783,simulated,0.0,0.0,0,0,0,0,1,0,0,0,0.5879629629629629,0.5,4,2.0,45,0.8211678832116789,72,24,0.3333333333333333,device,2,11,7,"{""crowded"": 0, ""dropped_in_flight"": 0, ""not_merged"": 11, ""unplannable"": 0}","{""medium"": 0.3333333333333333, ""narrow"": 0.4166666666666667, ""wide"": 0.25}",1.0,-0.5667379384930026,0.6428571428571429,,1,2,5,18.568713426589966,193.7844305516919,0,,,,,,,,,,,,0.0359129833135133,0.055120069952681656,"{""exact"": 1.0, ""local"": 0.0, ""stop_subsets"": 0.0}",,,,,,,,22,8482.03125,425.53515625,45.140625,447.85546875
N=18-dead_zone=0.6-link_quality=0.4-n_missions=4-regime=jittery-rrf=60.0,FX,16,1785445711,results\exp5\b1\s511b\n18k3_knee__FX_traces,240.0,0,agg:cutoff,"{""a_max"": null, ""buffer_k"": null, ""decay"": 0.5, ""fedex_n"": null, ""hinge_a"": 1.0, ""hinge_b"": 0.0, ""period_s"": 159.50864992916985, ""server_lr"": 1.0, ""value"": ""uniform""}",0.0,0,multiplicative,"{""beta_on"": 0.8, ""beta_partial"": 1.25, ""beta_timeout"": 1.5, ""expire_overrides"": null, ""phi_max"": 300.0, ""phi_min"": 5.0}",1,3,1,"{""dock_on_empty"": true, ""down_wait_s"": 14898.0}",,sim,search,replan,,channel,15.950864992916985,,159.50864992916985,34.0,"{""age_cap_lookahead"": 0, ""age_cap_missions"": 2, ""altitude_m"": 25.0, ""backhaul_period_s"": null, ""backhaul_policy"": ""fixed"", ""backhaul_regime"": ""jittery"", ""band_class_policy"": ""search"", ""contact_band_classes"": null, ""contact_regime"": ""jittery"", ""cruise_speed_m_s"": 5.0, ""deadline_bounds"": ""collection"", ""energy_capacity_j"": null, ""flight_slot"": ""cross_heuristic"", ""interference_period_s"": 60.0, ""listen_s"": 1.0, ""margin_quantile"": 0.9, ""member_admission"": ""subset"", ""n_pl"": 2.2, ""noise_bin_s"": 1.0, ""p_hover_w"": null, ""p_move_w"": null, ""payload_bytes"": 1000000, ""plan_mode"": ""ferry"", ""plan_score_params"": {}, ""plan_search_params"": {}, ""replan_fallback"": ""trim"", ""shadow_corr_s"": 7.4, ""shadow_keying"": ""time"", ""shadow_sigma_db"": 4.0, ""snr_floor_db"": -6.7, ""t_nom_computed"": true, ""turnaround_s"": 30.0}",,1,21,ok,4.0,0.9166666666666666,0.9166666666666666,0.9166666666666666,0.0,1.0,1.0,4.169925001442312,0.9444444444444444,0.8311688311688312,1.0,6.0,11,12,0,1.0,1.0,5.7592020233472185,18,60.0,4,0.26170325,0.35883333333333334,0.6959459781646729,0.8662812500000001,0.7468333333333333,0.674501895904541,0.8662812500000001,0.6045780000000001,12,11,0.71,115.2420869837709,23.17342242340975,37.587291212073374,1.0,23.17342242340975,0.30795092487902115,30.0,0.0,13157.365489237643,simulated,0.0,0.0,0,0,0,0,1,0,0,0,0.5092592592592592,0.5,4,2.0,46,0.816358024691358,72,24,0.3333333333333333,device,2,8,5,"{""crowded"": 0, ""dropped_in_flight"": 0, ""not_merged"": 7, ""unplannable"": 0}","{""medium"": 0.8333333333333334, ""narrow"": 0.16666666666666666}",1.0,-0.6041111844662641,0.7222222222222222,,1,4,11,24.03048014640808,465.7071961056208,0,,,,,,,,,,,,0.03560609166743234,0.05564480498433113,"{""exact"": 1.0, ""local"": 0.0, ""stop_subsets"": 0.0}",,,,,,,,22,8463.328125,426.3828125,45.5234375,449.6015625
N=18-dead_zone=0.6-link_quality=0.4-n_missions=4-regime=jittery-rrf=60.0,FX,17,2521569943,results\exp5\b1\s511b\n18k3_knee__FX_traces,240.0,0,agg:cutoff,"{""a_max"": null, ""buffer_k"": null, ""decay"": 0.5, ""fedex_n"": null, ""hinge_a"": 1.0, ""hinge_b"": 0.0, ""period_s"": 159.50864992916985, ""server_lr"": 1.0, ""value"": ""uniform""}",0.0,0,multiplicative,"{""beta_on"": 0.8, ""beta_partial"": 1.25, ""beta_timeout"": 1.5, ""expire_overrides"": null, ""phi_max"": 300.0, ""phi_min"": 5.0}",1,3,1,"{""dock_on_empty"": true, ""down_wait_s"": 14898.0}",,sim,search,replan,,channel,15.950864992916985,,159.50864992916985,34.0,"{""age_cap_lookahead"": 0, ""age_cap_missions"": 2, ""altitude_m"": 25.0, ""backhaul_period_s"": null, ""backhaul_policy"": ""fixed"", ""backhaul_regime"": ""jittery"", ""band_class_policy"": ""search"", ""contact_band_classes"": null, ""contact_regime"": ""jittery"", ""cruise_speed_m_s"": 5.0, ""deadline_bounds"": ""collection"", ""energy_capacity_j"": null, ""flight_slot"": ""cross_heuristic"", ""interference_period_s"": 60.0, ""listen_s"": 1.0, ""margin_quantile"": 0.9, ""member_admission"": ""subset"", ""n_pl"": 2.2, ""noise_bin_s"": 1.0, ""p_hover_w"": null, ""p_move_w"": null, ""payload_bytes"": 1000000, ""plan_mode"": ""ferry"", ""plan_score_params"": {}, ""plan_search_params"": {}, ""replan_fallback"": ""trim"", ""shadow_corr_s"": 7.4, ""shadow_keying"": ""time"", ""shadow_sigma_db"": 4.0, ""snr_floor_db"": -6.7, ""t_nom_computed"": true, ""turnaround_s"": 30.0}",,1,21,ok,3.25,1.0,0.9166666666666666,0.75,0.0,1.0,0.9991693540506206,4.169301515418926,0.8888888888888888,0.7477876106194691,0.986111111111111,4.235294117647059,12,12,0,1.4166666666666667,1.4166666666666667,6.248385151227315,18,60.0,4,0.25268425,0.3596666666666667,0.6959720253944397,0.8565465,0.728,0.6715543866157532,0.8565465,0.6038622499999999,13,4,0.71,149.55712609372372,41.43826325185503,48.578418674044464,1.25,27.982493242930925,0.30795092487902115,30.0,0.0,18364.909179227754,simulated,0.0,0.0,0,0,0,0,0,0,0,0,0.7222222222222223,1.3333333333333335,4,3.0,39,0.7477876106194691,72,33,0.4583333333333333,device,2,17,9,"{""crowded"": 0, ""dropped_in_flight"": 0, ""not_merged"": 17, ""unplannable"": 0}","{""medium"": 0.23529411764705882, ""narrow"": 0.35294117647058826, ""wide"": 0.4117647058823529}",1.0,-0.9025174394627163,0.46153846153846156,,1,2,4,20.198044538497925,196.53648385044653,0,,,,,,,,,,,,0.04290478335072597,0.06309979511424899,"{""exact"": 1.0, ""local"": 0.0, ""stop_subsets"": 0.0}",,,,,,,,22,8486.75,427.83203125,44.984375,447.484375
N=18-dead_zone=0.6-link_quality=0.4-n_missions=4-regime=jittery-rrf=60.0,FX,18,1127486416,results\exp5\b1\s511b\n18k3_knee__FX_traces,240.0,0,agg:cutoff,"{""a_max"": null, ""buffer_k"": null, ""decay"": 0.5, ""fedex_n"": null, ""hinge_a"": 1.0, ""hinge_b"": 0.0, ""period_s"": 159.50864992916985, ""server_lr"": 1.0, ""value"": ""uniform""}",0.0,0,multiplicative,"{""beta_on"": 0.8, ""beta_partial"": 1.25, ""beta_timeout"": 1.5, ""expire_overrides"": null, ""phi_max"": 300.0, ""phi_min"": 5.0}",1,3,1,"{""dock_on_empty"": true, ""down_wait_s"": 14898.0}",,sim,search,replan,,channel,15.950864992916985,,159.50864992916985,34.0,"{""age_cap_lookahead"": 0, ""age_cap_missions"": 2, ""altitude_m"": 25.0, ""backhaul_period_s"": null, ""backhaul_policy"": ""fixed"", ""backhaul_regime"": ""jittery"", ""band_class_policy"": ""search"", ""contact_band_classes"": null, ""contact_regime"": ""jittery"", ""cruise_speed_m_s"": 5.0, ""deadline_bounds"": ""collection"", ""energy_capacity_j"": null, ""flight_slot"": ""cross_heuristic"", ""interference_period_s"": 60.0, ""listen_s"": 1.0, ""margin_quantile"": 0.9, ""member_admission"": ""subset"", ""n_pl"": 2.2, ""noise_bin_s"": 1.0, ""p_hover_w"": null, ""p_move_w"": null, ""payload_bytes"": 1000000, ""plan_mode"": ""ferry"", ""plan_score_params"": {}, ""plan_search_params"": {}, ""replan_fallback"": ""trim"", ""shadow_corr_s"": 7.4, ""shadow_keying"": ""time"", ""shadow_sigma_db"": 4.0, ""snr_floor_db"": -6.7, ""t_nom_computed"": true, ""turnaround_s"": 30.0}",,1,21,ok,2.9166666666666665,1.0,0.8333333333333334,0.5833333333333334,0.0,1.0,0.9984155278272925,4.168740296203227,0.8333333333333334,0.7016036655211912,0.9861111111111112,6.0,12,12,0,1.0,1.0,5.662351906299591,18,60.0,4,0.2860754375,0.35633333333333334,0.6958574056625366,0.89119475,0.7216666666666667,0.662741482257843,0.89119475,0.6051193125000001,13,4,0.71,141.28611462686482,25.6255973196463,58.810302396062376,0.9166666666666666,25.6255973196463,0.30795092487902115,30.0,0.0,17423.66583727226,simulated,0.0,0.0,0,0,0,0,0,0,0,0,0.8101851851851852,1.2777777777777781,4,3.25,35,0.7016036655211912,72,37,0.5138888888888888,device,2,14,8,"{""crowded"": 0, ""dropped_in_flight"": 0, ""not_merged"": 14, ""unplannable"": 0}","{""medium"": 0.8333333333333334, ""narrow"": 0.16666666666666666}",1.0,-0.87224227111275,0.4583333333333333,,1,2,4,17.41332769393921,177.9633252758067,0,,,,,,,,,,,,0.04193825831559176,0.0671894599450752,"{""exact"": 1.0, ""local"": 0.0, ""stop_subsets"": 0.0}",,,,,,,,22,8472.73828125,426.67578125,45.08984375,446.94921875
N=18-dead_zone=0.6-link_quality=0.4-n_missions=4-regime=jittery-rrf=60.0,FX,19,1160525654,results\exp5\b1\s511b\n18k3_knee__FX_traces,240.0,0,agg:cutoff,"{""a_max"": null, ""buffer_k"": null, ""decay"": 0.5, ""fedex_n"": null, ""hinge_a"": 1.0, ""hinge_b"": 0.0, ""period_s"": 159.50864992916985, ""server_lr"": 1.0, ""value"": ""uniform""}",0.0,0,multiplicative,"{""beta_on"": 0.8, ""beta_partial"": 1.25, ""beta_timeout"": 1.5, ""expire_overrides"": null, ""phi_max"": 300.0, ""phi_min"": 5.0}",1,3,1,"{""dock_on_empty"": true, ""down_wait_s"": 14898.0}",,sim,search,replan,,channel,15.950864992916985,,159.50864992916985,34.0,"{""age_cap_lookahead"": 0, ""age_cap_missions"": 2, ""altitude_m"": 25.0, ""backhaul_period_s"": null, ""backhaul_policy"": ""fixed"", ""backhaul_regime"": ""jittery"", ""band_class_policy"": ""search"", ""contact_band_classes"": null, ""contact_regime"": ""jittery"", ""cruise_speed_m_s"": 5.0, ""deadline_bounds"": ""collection"", ""energy_capacity_j"": null, ""flight_slot"": ""cross_heuristic"", ""interference_period_s"": 60.0, ""listen_s"": 1.0, ""margin_quantile"": 0.9, ""member_admission"": ""subset"", ""n_pl"": 2.2, ""noise_bin_s"": 1.0, ""p_hover_w"": null, ""p_move_w"": null, ""payload_bytes"": 1000000, ""plan_mode"": ""ferry"", ""plan_score_params"": {}, ""plan_search_params"": {}, ""replan_fallback"": ""trim"", ""shadow_corr_s"": 7.4, ""shadow_keying"": ""time"", ""shadow_sigma_db"": 4.0, ""snr_floor_db"": -6.7, ""t_nom_computed"": true, ""turnaround_s"": 30.0}",,1,21,ok,3.0833333333333335,1.0,0.9166666666666666,0.75,0.0,1.0,0.9991693540506206,4.169301515418926,0.9444444444444444,0.7682379349046016,0.986111111111111,6.0,12,12,0,1.0,1.0,5.747935056686401,18,60.0,4,0.263396,0.3566666666666667,0.6959404349327087,0.8294996875,0.6826666666666666,0.6763554811477661,0.8294996875,0.5661036875000001,13,,0.71,116.98715585216026,22.23430794593607,41.210589035433564,1.0,22.23430794593607,0.30795092487902115,30.0,0.0,13498.177494543395,simulated,0.0,0.0,0,0,0,0,0,0,0,0,0.6851851851851852,0.9444444444444445,4,2.25,37,0.7682379349046016,72,35,0.4861111111111111,device,2,14,9,"{""crowded"": 0, ""dropped_in_flight"": 0, ""not_merged"": 14, ""unplannable"": 0}","{""medium"": 0.6666666666666666, ""narrow"": 0.25, ""wide"": 0.08333333333333333}",1.0,-0.722341096255875,0.475,,0,,,,,0,,,,,,,,,,,,0.054487924984035395,0.10995167507790028,"{""exact"": 1.0, ""local"": 0.0, ""stop_subsets"": 0.0}",,,,,,,,22,8485.29296875,425.3359375,45.55078125,447.15234375
N=18-dead_zone=0.6-link_quality=0.4-n_missions=4-regime=jittery-rrf=60.0,FX,1,1252372291,results\exp5\b1\s511b\n18k3_knee__FX_traces,240.0,0,agg:cutoff,"{""a_max"": null, ""buffer_k"": null, ""decay"": 0.5, ""fedex_n"": null, ""hinge_a"": 1.0, ""hinge_b"": 0.0, ""period_s"": 159.50864992916985, ""server_lr"": 1.0, ""value"": ""uniform""}",0.0,0,multiplicative,"{""beta_on"": 0.8, ""beta_partial"": 1.25, ""beta_timeout"": 1.5, ""expire_overrides"": null, ""phi_max"": 300.0, ""phi_min"": 5.0}",1,3,1,"{""dock_on_empty"": true, ""down_wait_s"": 14898.0}",,sim,search,replan,,channel,15.950864992916985,,159.50864992916985,34.0,"{""age_cap_lookahead"": 0, ""age_cap_missions"": 2, ""altitude_m"": 25.0, ""backhaul_period_s"": null, ""backhaul_policy"": ""fixed"", ""backhaul_regime"": ""jittery"", ""band_class_policy"": ""search"", ""contact_band_classes"": null, ""contact_regime"": ""jittery"", ""cruise_speed_m_s"": 5.0, ""deadline_bounds"": ""collection"", ""energy_capacity_j"": null, ""flight_slot"": ""cross_heuristic"", ""interference_period_s"": 60.0, ""listen_s"": 1.0, ""margin_quantile"": 0.9, ""member_admission"": ""subset"", ""n_pl"": 2.2, ""noise_bin_s"": 1.0, ""p_hover_w"": null, ""p_move_w"": null, ""payload_bytes"": 1000000, ""plan_mode"": ""ferry"", ""plan_score_params"": {}, ""plan_search_params"": {}, ""replan_fallback"": ""trim"", ""shadow_corr_s"": 7.4, ""shadow_keying"": ""time"", ""shadow_sigma_db"": 4.0, ""snr_floor_db"": -6.7, ""t_nom_computed"": true, ""turnaround_s"": 30.0}",,1,21,ok,3.1666666666666665,1.0,0.9166666666666666,0.75,0.0,1.0,0.9991693540506206,4.169301515418926,0.7777777777777778,0.6685185185185185,0.986111111111111,6.0,12,12,0,1.0,1.1666666666666667,8.08693383137385,18,60.0,4,0.25343012499999995,0.355,0.6959672570228577,0.8532442499999999,0.721,0.6705840826034546,0.8532442499999999,0.599814125,13,6,0.71,135.26185655747153,28.09734590502265,48.48963615731918,1.0,27.366923570248968,0.30795092487902115,30.0,0.0,16303.672789157281,simulated,0.0,0.0,0,0,0,0,0,0,0,0,0.7824074074074074,1.1666666666666667,4,3.0,38,0.6685185185185185,72,34,0.4722222222222222,device,2,16,8,"{""crowded"": 0, ""dropped_in_flight"": 0, ""not_merged"": 16, ""unplannable"": 0}","{""medium"": 0.9166666666666666, ""narrow"": 0.08333333333333333}",1.0,-0.8580924324818087,0.4166666666666667,,1,2,6,26.133766412734985,242.84904909320176,0,,,,,,,,,,,,0.0595580666558817,0.1370916048879735,"{""exact"": 1.0, ""local"": 0.0, ""stop_subsets"": 0.0}",,,,,,,,22,8495.87109375,425.13671875,45.10546875,446.67578125
N=18-dead_zone=0.6-link_quality=0.4-n_missions=4-regime=jittery-rrf=60.0,FX,2,918234531,results\exp5\b1\s511b\n18k3_knee__FX_traces,240.0,0,agg:cutoff,"{""a_max"": null, ""buffer_k"": null, ""decay"": 0.5, ""fedex_n"": null, ""hinge_a"": 1.0, ""hinge_b"": 0.0, ""period_s"": 159.50864992916985, ""server_lr"": 1.0, ""value"": ""uniform""}",0.0,0,multiplicative,"{""beta_on"": 0.8, ""beta_partial"": 1.25, ""beta_timeout"": 1.5, ""expire_overrides"": null, ""phi_max"": 300.0, ""phi_min"": 5.0}",1,3,1,"{""dock_on_empty"": true, ""down_wait_s"": 14898.0}",,sim,search,replan,,channel,15.950864992916985,,159.50864992916985,34.0,"{""age_cap_lookahead"": 0, ""age_cap_missions"": 2, ""altitude_m"": 25.0, ""backhaul_period_s"": null, ""backhaul_policy"": ""fixed"", ""backhaul_regime"": ""jittery"", ""band_class_policy"": ""search"", ""contact_band_classes"": null, ""contact_regime"": ""jittery"", ""cruise_speed_m_s"": 5.0, ""deadline_bounds"": ""collection"", ""energy_capacity_j"": null, ""flight_slot"": ""cross_heuristic"", ""interference_period_s"": 60.0, ""listen_s"": 1.0, ""margin_quantile"": 0.9, ""member_admission"": ""subset"", ""n_pl"": 2.2, ""noise_bin_s"": 1.0, ""p_hover_w"": null, ""p_move_w"": null, ""payload_bytes"": 1000000, ""plan_mode"": ""ferry"", ""plan_score_params"": {}, ""plan_search_params"": {}, ""replan_fallback"": ""trim"", ""shadow_corr_s"": 7.4, ""shadow_keying"": ""time"", ""shadow_sigma_db"": 4.0, ""snr_floor_db"": -6.7, ""t_nom_computed"": true, ""turnaround_s"": 30.0}",,1,21,ok,3.3333333333333335,0.9166666666666666,0.9166666666666666,0.75,0.08333333333333333,1.0,0.9940154644635102,4.165424803571162,0.9444444444444444,0.7662835249042146,0.9166666666666666,5.142857142857143,11,12,0,1.1666666666666667,1.3333333333333333,8.035450081030527,18,60.0,4,0.24309831250000002,0.35683333333333334,0.6960598826408386,0.8118050625000001,0.7,0.6743095517158508,0.8118050625000001,0.56870675,12,3,0.71,129.00805304865935,36.043911886102,33.760937363811536,0.9166666666666666,28.0042487842512,0.2822883478057694,30.0,0.0,15040.492151398297,simulated,0.0,0.0,0,0,0,1,0,0,0,0,0.6250000000000001,0.7777777777777778,4,2.25,40,0.7662835249042146,72,32,0.4444444444444444,device,2,13,8,"{""crowded"": 0, ""dropped_in_flight"": 0, ""not_merged"": 13, ""unplannable"": 0}","{""medium"": 0.5, ""narrow"": 0.21428571428571427, ""wide"": 0.2857142857142857}",1.0,-0.7607683178121457,0.6071428571428571,,1,2,3,19.65039849281311,106.22649043949787,0,,,,,,,,,,,,0.051147141707284995,0.08209799506003038,"{""exact"": 1.0, ""local"": 0.0, ""stop_subsets"": 0.0}",,,,,,,,22,8495.328125,424.734375,45.1953125,447.14453125
N=18-dead_zone=0.6-link_quality=0.4-n_missions=4-regime=jittery-rrf=60.0,FX,3,2393339651,results\exp5\b1\s511b\n18k3_knee__FX_traces,240.0,0,agg:cutoff,"{""a_max"": null, ""buffer_k"": null, ""decay"": 0.5, ""fedex_n"": null, ""hinge_a"": 1.0, ""hinge_b"": 0.0, ""period_s"": 159.50864992916985, ""server_lr"": 1.0, ""value"": ""uniform""}",0.0,0,multiplicative,"{""beta_on"": 0.8, ""beta_partial"": 1.25, ""beta_timeout"": 1.5, ""expire_overrides"": null, ""phi_max"": 300.0, ""phi_min"": 5.0}",1,3,1,"{""dock_on_empty"": true, ""down_wait_s"": 14898.0}",,sim,search,replan,,channel,15.950864992916985,,159.50864992916985,34.0,"{""age_cap_lookahead"": 0, ""age_cap_missions"": 2, ""altitude_m"": 25.0, ""backhaul_period_s"": null, ""backhaul_policy"": ""fixed"", ""backhaul_regime"": ""jittery"", ""band_class_policy"": ""search"", ""contact_band_classes"": null, ""contact_regime"": ""jittery"", ""cruise_speed_m_s"": 5.0, ""deadline_bounds"": ""collection"", ""energy_capacity_j"": null, ""flight_slot"": ""cross_heuristic"", ""interference_period_s"": 60.0, ""listen_s"": 1.0, ""margin_quantile"": 0.9, ""member_admission"": ""subset"", ""n_pl"": 2.2, ""noise_bin_s"": 1.0, ""p_hover_w"": null, ""p_move_w"": null, ""payload_bytes"": 1000000, ""plan_mode"": ""ferry"", ""plan_score_params"": {}, ""plan_search_params"": {}, ""replan_fallback"": ""trim"", ""shadow_corr_s"": 7.4, ""shadow_keying"": ""time"", ""shadow_sigma_db"": 4.0, ""snr_floor_db"": -6.7, ""t_nom_computed"": true, ""turnaround_s"": 30.0}",,1,21,ok,3.8333333333333335,1.0,1.0,0.8333333333333334,0.08333333333333333,1.0,1.0,4.169925001442312,1.0,0.8643790849673203,1.0,5.142857142857143,12,12,0,1.1666666666666667,1.1666666666666667,7.090019365151723,18,60.0,4,0.2685944375,0.36183333333333334,0.6958834528923035,0.7336167499999999,0.7536666666666667,0.6780115365982056,0.7341765625000001,0.4650223124999999,13,2,0.71,135.71157178742578,34.55363088475926,41.046377529817015,1.0833333333333333,28.629036713381712,0.3991933260943616,30.0,0.0,16171.887347533875,simulated,0.0,0.0,0,0,0,0,0,0,0,0,0.48148148148148145,0.33333333333333337,3,2.0,46,0.8643790849673203,72,26,0.3611111111111111,device,2,8,5,"{""crowded"": 0, ""dropped_in_flight"": 0, ""not_merged"": 8, ""unplannable"": 0}","{""medium"": 0.42857142857142855, ""narrow"": 0.14285714285714285, ""wide"": 0.42857142857142855}",1.0,-0.9394238362322248,0.625,,1,1,2,9.543294191360474,66.75170221959706,0,,,,,,,,,,,,0.04782344166111822,0.0651734800892882,"{""exact"": 1.0, ""local"": 0.0, ""stop_subsets"": 0.0}",,,,,,,,22,8495.48828125,425.9609375,45.046875,447.0546875
N=18-dead_zone=0.6-link_quality=0.4-n_missions=4-regime=jittery-rrf=60.0,FX,4,2539912309,results\exp5\b1\s511b\n18k3_knee__FX_traces,240.0,0,agg:cutoff,"{""a_max"": null, ""buffer_k"": null, ""decay"": 0.5, ""fedex_n"": null, ""hinge_a"": 1.0, ""hinge_b"": 0.0, ""period_s"": 159.50864992916985, ""server_lr"": 1.0, ""value"": ""uniform""}",0.0,0,multiplicative,"{""beta_on"": 0.8, ""beta_partial"": 1.25, ""beta_timeout"": 1.5, ""expire_overrides"": null, ""phi_max"": 300.0, ""phi_min"": 5.0}",1,3,1,"{""dock_on_empty"": true, ""down_wait_s"": 14898.0}",,sim,search,replan,,channel,15.950864992916985,,159.50864992916985,34.0,"{""age_cap_lookahead"": 0, ""age_cap_missions"": 2, ""altitude_m"": 25.0, ""backhaul_period_s"": null, ""backhaul_policy"": ""fixed"", ""backhaul_regime"": ""jittery"", ""band_class_policy"": ""search"", ""contact_band_classes"": null, ""contact_regime"": ""jittery"", ""cruise_speed_m_s"": 5.0, ""deadline_bounds"": ""collection"", ""energy_capacity_j"": null, ""flight_slot"": ""cross_heuristic"", ""interference_period_s"": 60.0, ""listen_s"": 1.0, ""margin_quantile"": 0.9, ""member_admission"": ""subset"", ""n_pl"": 2.2, ""noise_bin_s"": 1.0, ""p_hover_w"": null, ""p_move_w"": null, ""payload_bytes"": 1000000, ""plan_mode"": ""ferry"", ""plan_score_params"": {}, ""plan_search_params"": {}, ""replan_fallback"": ""trim"", ""shadow_corr_s"": 7.4, ""shadow_keying"": ""time"", ""shadow_sigma_db"": 4.0, ""snr_floor_db"": -6.7, ""t_nom_computed"": true, ""turnaround_s"": 30.0}",,1,21,ok,4.166666666666667,1.0,1.0,1.0,0.16666666666666666,1.0,0.9984155278272925,4.168740296203227,1.0,0.8366800535475234,0.9861111111111112,4.5,12,12,0,1.3333333333333333,1.4166666666666667,6.86350284020106,18,60.0,4,0.286371625,0.35783333333333334,0.6958564519882202,0.8272379375,0.6846666666666666,0.678744375705719,0.8272379375,0.5408663125,13,2,0.71,150.80314395720293,43.737115530666266,42.68754266116108,0.8333333333333334,33.23720150724236,0.30795092487902115,30.0,0.0,18386.779531715987,simulated,0.0,0.0,0,0,0,0,0,0,0,0,0.40740740740740744,0.6666666666666667,3,2.0,50,0.8366800535475234,72,22,0.3055555555555556,device,2,9,7,"{""crowded"": 0, ""dropped_in_flight"": 0, ""not_merged"": 9, ""unplannable"": 0}","{""medium"": 0.25, ""narrow"": 0.25, ""wide"": 0.5}",1.0,-0.9138833113388913,0.71875,,1,1,2,15.493348836898804,79.9538838439621,0,,,,,,,,,,,,0.0420800416613929,0.06435368501115589,"{""exact"": 1.0, ""local"": 0.0, ""stop_subsets"": 0.0}",,,,,,,,22,8488.94140625,426.43359375,45.3125,446.71875
N=18-dead_zone=0.6-link_quality=0.4-n_missions=4-regime=jittery-rrf=60.0,FX,5,1530078331,results\exp5\b1\s511b\n18k3_knee__FX_traces,240.0,0,agg:cutoff,"{""a_max"": null, ""buffer_k"": null, ""decay"": 0.5, ""fedex_n"": null, ""hinge_a"": 1.0, ""hinge_b"": 0.0, ""period_s"": 159.50864992916985, ""server_lr"": 1.0, ""value"": ""uniform""}",0.0,0,multiplicative,"{""beta_on"": 0.8, ""beta_partial"": 1.25, ""beta_timeout"": 1.5, ""expire_overrides"": null, ""phi_max"": 300.0, ""phi_min"": 5.0}",1,3,1,"{""dock_on_empty"": true, ""down_wait_s"": 14898.0}",,sim,search,replan,,channel,15.950864992916985,,159.50864992916985,34.0,"{""age_cap_lookahead"": 0, ""age_cap_missions"": 2, ""altitude_m"": 25.0, ""backhaul_period_s"": null, ""backhaul_policy"": ""fixed"", ""backhaul_regime"": ""jittery"", ""band_class_policy"": ""search"", ""contact_band_classes"": null, ""contact_regime"": ""jittery"", ""cruise_speed_m_s"": 5.0, ""deadline_bounds"": ""collection"", ""energy_capacity_j"": null, ""flight_slot"": ""cross_heuristic"", ""interference_period_s"": 60.0, ""listen_s"": 1.0, ""margin_quantile"": 0.9, ""member_admission"": ""subset"", ""n_pl"": 2.2, ""noise_bin_s"": 1.0, ""p_hover_w"": null, ""p_move_w"": null, ""payload_bytes"": 1000000, ""plan_mode"": ""ferry"", ""plan_score_params"": {}, ""plan_search_params"": {}, ""replan_fallback"": ""trim"", ""shadow_corr_s"": 7.4, ""shadow_keying"": ""time"", ""shadow_sigma_db"": 4.0, ""snr_floor_db"": -6.7, ""t_nom_computed"": true, ""turnaround_s"": 30.0}",,1,21,ok,3.5833333333333335,1.0,1.0,0.75,0.08333333333333333,1.0,0.9991693540506206,4.169301515418926,0.9444444444444444,0.7609053497942386,1.0,6.0,12,12,0,1.0,1.0,7.292849580446879,18,60.0,4,0.26423674999999996,0.35833333333333334,0.6959832310676575,0.8505725000000001,0.7543333333333333,0.6726424098014832,0.8505725000000001,0.5863357500000002,13,2,0.71,126.4765885877714,26.635560714227164,41.98084956775225,0.9166666666666666,26.635560714227164,0.30795092487902115,30.0,0.0,14877.964522625634,simulated,0.0,0.0,0,0,0,0,0,0,0,0,0.6481481481481481,0.8333333333333334,4,3.0,43,0.7609053497942386,72,29,0.4027777777777778,device,2,14,8,"{""crowded"": 0, ""dropped_in_flight"": 0, ""not_merged"": 14, ""unplannable"": 0}","{""medium"": 0.6666666666666666, ""narrow"": 0.25, ""wide"": 0.08333333333333333}",1.0,-0.6971955865881553,0.5535714285714286,,1,1,2,15.408088207244873,42.88639619620517,0,,,,,,,,,,,,0.04383296670857817,0.06895009507425127,"{""exact"": 1.0, ""local"": 0.0, ""stop_subsets"": 0.0}",,,,,,,,22,8487.765625,426.4765625,45.6171875,448.68359375
N=18-dead_zone=0.6-link_quality=0.4-n_missions=4-regime=jittery-rrf=60.0,FX,6,247047398,results\exp5\b1\s511b\n18k3_knee__FX_traces,240.0,0,agg:cutoff,"{""a_max"": null, ""buffer_k"": null, ""decay"": 0.5, ""fedex_n"": null, ""hinge_a"": 1.0, ""hinge_b"": 0.0, ""period_s"": 159.50864992916985, ""server_lr"": 1.0, ""value"": ""uniform""}",0.0,0,multiplicative,"{""beta_on"": 0.8, ""beta_partial"": 1.25, ""beta_timeout"": 1.5, ""expire_overrides"": null, ""phi_max"": 300.0, ""phi_min"": 5.0}",1,3,1,"{""dock_on_empty"": true, ""down_wait_s"": 14898.0}",,sim,search,replan,,channel,15.950864992916985,,159.50864992916985,34.0,"{""age_cap_lookahead"": 0, ""age_cap_missions"": 2, ""altitude_m"": 25.0, ""backhaul_period_s"": null, ""backhaul_policy"": ""fixed"", ""backhaul_regime"": ""jittery"", ""band_class_policy"": ""search"", ""contact_band_classes"": null, ""contact_regime"": ""jittery"", ""cruise_speed_m_s"": 5.0, ""deadline_bounds"": ""collection"", ""energy_capacity_j"": null, ""flight_slot"": ""cross_heuristic"", ""interference_period_s"": 60.0, ""listen_s"": 1.0, ""margin_quantile"": 0.9, ""member_admission"": ""subset"", ""n_pl"": 2.2, ""noise_bin_s"": 1.0, ""p_hover_w"": null, ""p_move_w"": null, ""payload_bytes"": 1000000, ""plan_mode"": ""ferry"", ""plan_score_params"": {}, ""plan_search_params"": {}, ""replan_fallback"": ""trim"", ""shadow_corr_s"": 7.4, ""shadow_keying"": ""time"", ""shadow_sigma_db"": 4.0, ""snr_floor_db"": -6.7, ""t_nom_computed"": true, ""turnaround_s"": 30.0}",,1,21,ok,3.75,1.0,1.0,1.0,0.0,1.0,1.0,4.169925001442312,0.8333333333333334,0.7352941176470589,1.0,6.0,12,12,0,1.0,1.0,7.133569041887919,18,60.0,4,0.2622496875,0.35783333333333334,0.6959666609764099,0.8371595000000001,0.7323333333333333,0.6785283088684082,0.8371595000000001,0.5749098125000001,13,2,0.71,94.60641864362212,20.669911530336204,21.867402256825397,1.0,20.669911530336204,0.3991933260943616,30.0,0.0,9789.555871787636,simulated,0.0,0.0,0,0,0,0,0,0,0,0,0.6203703703703703,0.8333333333333334,4,3.0,45,0.7352941176470589,72,27,0.375,device,2,14,7,"{""crowded"": 0, ""dropped_in_flight"": 0, ""not_merged"": 14, ""unplannable"": 0}","{""medium"": 0.08333333333333333, ""narrow"": 0.08333333333333333, ""wide"": 0.8333333333333334}",1.0,-0.44370516814047684,0.575,,1,1,2,13.628251552581787,44.87337017513346,0,,,,,,,,,,,,0.03659481665818021,0.06449620485072954,"{""exact"": 1.0, ""local"": 0.0, ""stop_subsets"": 0.0}",,,,,,,,22,8493.94921875,425.82421875,45.78515625,447.5625
N=18-dead_zone=0.6-link_quality=0.4-n_missions=4-regime=jittery-rrf=60.0,FX,7,633098440,results\exp5\b1\s511b\n18k3_knee__FX_traces,240.0,0,agg:cutoff,"{""a_max"": null, ""buffer_k"": null, ""decay"": 0.5, ""fedex_n"": null, ""hinge_a"": 1.0, ""hinge_b"": 0.0, ""period_s"": 159.50864992916985, ""server_lr"": 1.0, ""value"": ""uniform""}",0.0,0,multiplicative,"{""beta_on"": 0.8, ""beta_partial"": 1.25, ""beta_timeout"": 1.5, ""expire_overrides"": null, ""phi_max"": 300.0, ""phi_min"": 5.0}",1,3,1,"{""dock_on_empty"": true, ""down_wait_s"": 14898.0}",,sim,search,replan,,channel,15.950864992916985,,159.50864992916985,34.0,"{""age_cap_lookahead"": 0, ""age_cap_missions"": 2, ""altitude_m"": 25.0, ""backhaul_period_s"": null, ""backhaul_policy"": ""fixed"", ""backhaul_regime"": ""jittery"", ""band_class_policy"": ""search"", ""contact_band_classes"": null, ""contact_regime"": ""jittery"", ""cruise_speed_m_s"": 5.0, ""deadline_bounds"": ""collection"", ""energy_capacity_j"": null, ""flight_slot"": ""cross_heuristic"", ""interference_period_s"": 60.0, ""listen_s"": 1.0, ""margin_quantile"": 0.9, ""member_admission"": ""subset"", ""n_pl"": 2.2, ""noise_bin_s"": 1.0, ""p_hover_w"": null, ""p_move_w"": null, ""payload_bytes"": 1000000, ""plan_mode"": ""ferry"", ""plan_score_params"": {}, ""plan_search_params"": {}, ""replan_fallback"": ""trim"", ""shadow_corr_s"": 7.4, ""shadow_keying"": ""time"", ""shadow_sigma_db"": 4.0, ""snr_floor_db"": -6.7, ""t_nom_computed"": true, ""turnaround_s"": 30.0}",,1,21,ok,3.8333333333333335,1.0,1.0,0.8333333333333334,0.08333333333333333,1.0,0.9991693540506206,4.169301515418926,0.8333333333333334,0.7535612535612536,0.986111111111111,6.0,12,12,0,1.0,1.0,6.207325359185536,18,60.0,4,0.25552687500000004,0.3596666666666667,0.6959354877471924,0.7757835625,0.7015,0.6750709414482117,0.7757835625,0.5202566875,13,2,0.71,102.55012930535788,20.107264640269566,31.01974003201273,0.9166666666666666,20.107264640269566,0.3991933260943616,30.0,0.0,11156.090933412896,simulated,0.0,0.0,0,0,0,0,0,0,0,0,0.5972222222222223,0.9444444444444444,4,3.0,46,0.7535612535612536,72,26,0.3611111111111111,device,2,12,5,"{""crowded"": 0, ""dropped_in_flight"": 0, ""not_merged"": 12, ""unplannable"": 0}","{""medium"": 0.5833333333333334, ""narrow"": 0.08333333333333333, ""wide"": 0.3333333333333333}",1.0,-0.4534143036878196,0.53125,,1,1,2,13.482430458068848,29.29936074349098,0,,,,,,,,,,,,0.04363004160889735,0.07155915504554286,"{""exact"": 1.0, ""local"": 0.0, ""stop_subsets"": 0.0}",,,,,,,,22,8482.12890625,427.45703125,45.14453125,446.4453125
N=18-dead_zone=0.6-link_quality=0.4-n_missions=4-regime=jittery-rrf=60.0,FX,8,1231633001,results\exp5\b1\s511b\n18k3_knee__FX_traces,240.0,0,agg:cutoff,"{""a_max"": null, ""buffer_k"": null, ""decay"": 0.5, ""fedex_n"": null, ""hinge_a"": 1.0, ""hinge_b"": 0.0, ""period_s"": 159.50864992916985, ""server_lr"": 1.0, ""value"": ""uniform""}",0.0,0,multiplicative,"{""beta_on"": 0.8, ""beta_partial"": 1.25, ""beta_timeout"": 1.5, ""expire_overrides"": null, ""phi_max"": 300.0, ""phi_min"": 5.0}",1,3,1,"{""dock_on_empty"": true, ""down_wait_s"": 14898.0}",,sim,search,replan,,channel,15.950864992916985,,159.50864992916985,34.0,"{""age_cap_lookahead"": 0, ""age_cap_missions"": 2, ""altitude_m"": 25.0, ""backhaul_period_s"": null, ""backhaul_policy"": ""fixed"", ""backhaul_regime"": ""jittery"", ""band_class_policy"": ""search"", ""contact_band_classes"": null, ""contact_regime"": ""jittery"", ""cruise_speed_m_s"": 5.0, ""deadline_bounds"": ""collection"", ""energy_capacity_j"": null, ""flight_slot"": ""cross_heuristic"", ""interference_period_s"": 60.0, ""listen_s"": 1.0, ""margin_quantile"": 0.9, ""member_admission"": ""subset"", ""n_pl"": 2.2, ""noise_bin_s"": 1.0, ""p_hover_w"": null, ""p_move_w"": null, ""payload_bytes"": 1000000, ""plan_mode"": ""ferry"", ""plan_score_params"": {}, ""plan_search_params"": {}, ""replan_fallback"": ""trim"", ""shadow_corr_s"": 7.4, ""shadow_keying"": ""time"", ""shadow_sigma_db"": 4.0, ""snr_floor_db"": -6.7, ""t_nom_computed"": true, ""turnaround_s"": 30.0}",,1,21,ok,3.0833333333333335,1.0,0.9166666666666666,0.6666666666666666,0.0,1.0,0.9991693540506206,4.169301515418926,0.8888888888888888,0.6977573904179408,1.0,5.538461538461538,12,12,0,1.0833333333333333,1.0833333333333333,6.863739848136902,18,60.0,4,0.2679498125,0.35533333333333333,0.6959587931632996,0.79847925,0.6845,0.6770572066307068,0.79847925,0.5305294375,13,5,0.71,133.57151376272668,27.020844409869124,50.59327389933363,1.0833333333333333,24.56611119538623,0.30795092487902115,30.0,0.0,16115.395143619055,simulated,0.0,0.0,0,0,0,0,0,0,0,0,0.6851851851851851,1.166666666666667,4,3.0,37,0.6977573904179408,72,35,0.4861111111111111,device,2,15,10,"{""crowded"": 0, ""dropped_in_flight"": 0, ""not_merged"": 15, ""unplannable"": 0}","{""medium"": 0.5384615384615384, ""narrow"": 0.38461538461538464, ""wide"": 0.07692307692307693}",1.0,-0.8420021853316197,0.5892857142857143,,1,2,5,23.013458490371704,181.19304234837182,0,,,,,,,,,,,,0.04933255833263198,0.07855859497794881,"{""exact"": 1.0, ""local"": 0.0, ""stop_subsets"": 0.0}",,,,,,,,22,8488.7421875,427.90234375,45.35546875,446.4609375
N=18-dead_zone=0.6-link_quality=0.4-n_missions=4-regime=jittery-rrf=60.0,FX,9,3041160530,results\exp5\b1\s511b\n18k3_knee__FX_traces,240.0,0,agg:cutoff,"{""a_max"": null, ""buffer_k"": null, ""decay"": 0.5, ""fedex_n"": null, ""hinge_a"": 1.0, ""hinge_b"": 0.0, ""period_s"": 159.50864992916985, ""server_lr"": 1.0, ""value"": ""uniform""}",0.0,0,multiplicative,"{""beta_on"": 0.8, ""beta_partial"": 1.25, ""beta_timeout"": 1.5, ""expire_overrides"": null, ""phi_max"": 300.0, ""phi_min"": 5.0}",1,3,1,"{""dock_on_empty"": true, ""down_wait_s"": 14898.0}",,sim,search,replan,,channel,15.950864992916985,,159.50864992916985,34.0,"{""age_cap_lookahead"": 0, ""age_cap_missions"": 2, ""altitude_m"": 25.0, ""backhaul_period_s"": null, ""backhaul_policy"": ""fixed"", ""backhaul_regime"": ""jittery"", ""band_class_policy"": ""search"", ""contact_band_classes"": null, ""contact_regime"": ""jittery"", ""cruise_speed_m_s"": 5.0, ""deadline_bounds"": ""collection"", ""energy_capacity_j"": null, ""flight_slot"": ""cross_heuristic"", ""interference_period_s"": 60.0, ""listen_s"": 1.0, ""margin_quantile"": 0.9, ""member_admission"": ""subset"", ""n_pl"": 2.2, ""noise_bin_s"": 1.0, ""p_hover_w"": null, ""p_move_w"": null, ""payload_bytes"": 1000000, ""plan_mode"": ""ferry"", ""plan_score_params"": {}, ""plan_search_params"": {}, ""replan_fallback"": ""trim"", ""shadow_corr_s"": 7.4, ""shadow_keying"": ""time"", ""shadow_sigma_db"": 4.0, ""snr_floor_db"": -6.7, ""t_nom_computed"": true, ""turnaround_s"": 30.0}",,1,21,ok,3.3333333333333335,1.0,1.0,0.9166666666666666,0.0,1.0,0.9991693540506206,4.169301515418926,0.9444444444444444,0.7797270955165692,1.0,6.0,12,12,0,1.0,1.0,6.036774973074595,18,60.0,4,0.2778445,0.35733333333333334,0.6958704590797424,0.8067535,0.7485,0.6719913482666016,0.8067535,0.5289090000000001,13,3,0.71,144.59135883606118,29.933400337117334,53.41660723697472,1.0,29.933400337117334,0.30795092487902115,30.0,0.0,17766.07089625034,simulated,0.0,0.0,0,0,0,0,0,0,0,0,0.6342592592592592,1.0,4,3.0,40,0.7797270955165692,72,32,0.4444444444444444,device,2,13,8,"{""crowded"": 0, ""dropped_in_flight"": 0, ""not_merged"": 13, ""unplannable"": 0}","{""medium"": 0.9166666666666666, ""narrow"": 0.08333333333333333}",1.0,-0.9639697293875921,0.5294117647058824,,1,1,3,15.219438791275024,78.25738887919579,0,,,,,,,,,,,,0.03957189167461669,0.0670467200805433,"{""exact"": 1.0, ""local"": 0.0, ""stop_subsets"": 0.0}",,,,,,,,22,8482.93359375,425.9609375,45.4140625,446.1640625
