cell_id,arm,trial_index,seed,param_N,param_rrf,param_n_missions,param_regime,param_dead_zone,param_link_quality,update_yield,round_close_rate_kmin1,round_close_rate_kmin2,round_close_rate_kminhalf,round_close_rate_kminN,coverage,jains_fairness,participation_entropy,mission_completion_rate,completion_fairness,pass2_coverage,rho_contact,rounds_closed,missions_completed,mission_failures,pass1_contacts_mean,pass2_contacts_mean,mission_duration_s_mean,n_devices,rf_range_m,n_missions_target,init_auc,init_accuracy,init_loss,final_auc,final_accuracy,final_loss,best_auc,delta_auc,rounds_evaluated,t_at_tau_round,tau,status,duration_s,error
N=6|dead_zone=0.4|link_quality=0.5|n_missions=4|regime=jittery|rrf=60.0,H2,0,2544675704,6,60.0,4,jittery,0.4,0.5,0.75,0.75,0.0,0.0,0.0,1.0,0.966183574879227,2.55887184844536,0.3333333333333333,0.3,0.75,1.5,2,4,0,4.0,3.0,12.09953659772873,6,60.0,4,0.26616399999999996,0.35933333333333334,0.6959033012390137,0.90878475,0.8193333333333334,0.6579186916351318,0.90878475,0.6426207500000001,3,,0.9,ok,89.4947726726532,
N=6|dead_zone=0.4|link_quality=0.5|n_missions=4|regime=jittery|rrf=60.0,H3,0,2544675704,6,60.0,4,jittery,0.4,0.5,0.75,0.5,0.25,0.0,0.0,1.0,0.9863123993558777,2.5749947193376044,0.5,0.5,0.5,1.5,2,4,0,4.0,2.0,11.664287149906158,6,60.0,4,0.26616399999999996,0.35933333333333334,0.6959033012390137,0.8883951875,0.8311666666666667,0.669389545917511,0.8883951875,0.6222311875000001,3,,0.9,ok,79.4966950416565,
N=6|dead_zone=0.4|link_quality=0.5|n_missions=4|regime=jittery|rrf=60.0,H2,1,1047897470,6,60.0,4,jittery,0.4,0.5,1.0,0.5,0.5,0.0,0.0,1.0,0.9868421052631579,2.575279365539379,0.5,0.4444444444444444,0.5,1.411764705882353,2,4,0,4.25,2.5,9.417226195335388,6,60.0,4,0.26132875,0.35983333333333334,0.6959125995635986,0.8292639375,0.6843333333333333,0.6585760712623596,0.8292639375,0.5679351875,3,,0.9,ok,58.112743854522705,
N=6|dead_zone=0.4|link_quality=0.5|n_missions=4|regime=jittery|rrf=60.0,H3,1,1047897470,6,60.0,4,jittery,0.4,0.5,0.25,0.25,0.0,0.0,0.0,1.0,0.9801864801864801,2.5704397390021456,0.16666666666666666,0.16666666666666666,0.25,1.5,1,4,0,4.0,1.0,9.669522404670715,6,60.0,4,0.26132875,0.35983333333333334,0.6959125995635986,0.6648393125000001,0.5255,0.6804459095001221,0.6648393125000001,0.40351056250000006,2,,0.9,ok,68.12622714042664,
N=6|dead_zone=0.4|link_quality=0.5|n_missions=4|regime=jittery|rrf=60.0,H2,2,2768330049,6,60.0,4,jittery,0.4,0.5,0.0,0.0,0.0,0.0,0.0,0.0,1.0,0.0,0.0,1.0,0.0,0.0,0,0,0,0.0,0.0,0.0,6,60.0,4,,,,,,,,,0,,,ok,79.07155346870422,
N=6|dead_zone=0.4|link_quality=0.5|n_missions=4|regime=jittery|rrf=60.0,H3,2,2768330049,6,60.0,4,jittery,0.4,0.5,0.0,0.0,0.0,0.0,0.0,0.0,1.0,0.0,0.0,1.0,0.0,0.0,0,0,0,0.0,0.0,0.0,6,60.0,4,,,,,,,,,0,,,ok,84.08592891693115,
N=6|dead_zone=0.4|link_quality=0.5|n_missions=4|regime=jittery|rrf=60.0,H2,3,959927020,6,60.0,4,jittery,0.4,0.5,1.25,1.0,0.25,0.0,0.0,1.0,0.9970344009489917,2.5827423149511795,0.5,0.46296296296296297,1.0,1.5,3,4,0,4.0,4.0,10.563230454921722,6,60.0,4,0.25684806250000003,0.3545,0.6959741115570068,0.9169358750000001,0.7146666666666667,0.6440086960792542,0.9169358750000001,0.6600878125,4,,0.9,ok,76.84893727302551,
N=6|dead_zone=0.4|link_quality=0.5|n_missions=4|regime=jittery|rrf=60.0,H3,3,959927020,6,60.0,4,jittery,0.4,0.5,0.0,0.0,0.0,0.0,0.0,0.0,1.0,0.0,0.0,1.0,0.0,0.0,0,0,0,0.0,0.0,0.0,6,60.0,4,,,,,,,,,0,,,ok,79.31308937072754,
N=6|dead_zone=0.4|link_quality=0.5|n_missions=4|regime=jittery|rrf=60.0,H2,4,3214064870,6,60.0,4,jittery,0.4,0.5,0.0,0.0,0.0,0.0,0.0,1.0,0.955026455026455,2.549787381523038,0.0,1.0,0.0,1.5,0,4,0,4.0,0.0,10.627926588058472,6,60.0,4,0.261634125,0.357,0.6959341764450073,0.261634125,0.357,0.6959341764450073,0.261634125,0.0,1,,0.9,timeout,127.6689682006836,trial took 127.7s (soft cap 120.0s)
N=6|dead_zone=0.4|link_quality=0.5|n_missions=4|regime=jittery|rrf=60.0,H3,4,3214064870,6,60.0,4,jittery,0.4,0.5,0.5,0.25,0.25,0.0,0.0,1.0,1.0,2.584962500721156,0.3333333333333333,0.3333333333333333,0.25,1.5,1,4,0,4.0,0.75,9.267698168754578,6,60.0,4,0.261634125,0.357,0.6959341764450073,0.7515066875,0.7791666666666667,0.6775175333023071,0.7515066875,0.48987256250000005,2,,0.9,ok,63.11612367630005,
N=6|dead_zone=0.4|link_quality=0.5|n_missions=4|regime=jittery|rrf=60.0,H2,5,3768096270,6,60.0,4,jittery,0.4,0.5,0.25,0.25,0.0,0.0,0.0,1.0,0.9918032786885246,2.578992712198113,0.16666666666666666,0.16666666666666666,0.25,2.0,1,4,0,3.0,0.75,8.794173240661621,6,60.0,4,0.26125112500000003,0.3576666666666667,0.6959161758422852,0.721508375,0.7755,0.67670077085495,0.721508375,0.46025724999999995,2,,0.9,ok,56.25097846984863,
N=6|dead_zone=0.4|link_quality=0.5|n_missions=4|regime=jittery|rrf=60.0,H3,5,3768096270,6,60.0,4,jittery,0.4,0.5,0.5,0.5,0.0,0.0,0.0,1.0,0.994824016563147,2.581358330499424,0.3333333333333333,0.3333333333333333,0.5,2.0,2,4,0,3.0,1.5,9.075862050056458,6,60.0,4,0.26125112500000003,0.3576666666666667,0.6959161758422852,0.87938275,0.8188333333333333,0.6556148529052734,0.87938275,0.618131625,3,,0.9,ok,55.340068101882935,
N=6|dead_zone=0.4|link_quality=0.5|n_missions=4|regime=jittery|rrf=60.0,H2,6,44498162,6,60.0,4,jittery,0.4,0.5,0.5,0.25,0.25,0.0,0.0,1.0,1.0,2.584962500721156,0.3333333333333333,0.3333333333333333,0.25,2.0,1,4,0,3.0,0.75,7.065514266490936,6,60.0,4,0.25220968749999995,0.35833333333333334,0.6959929466247559,0.5663526249999999,0.45666666666666667,0.6840572357177734,0.5663526249999999,0.3141429375,2,,0.9,ok,50.301629066467285,
N=6|dead_zone=0.4|link_quality=0.5|n_missions=4|regime=jittery|rrf=60.0,H3,6,44498162,6,60.0,4,jittery,0.4,0.5,1.5,0.75,0.25,0.25,0.0,1.0,0.9863387978142076,2.5746737280146283,0.6666666666666666,0.6,0.75,2.0,3,4,0,3.0,1.75,7.296651482582092,6,60.0,4,0.25220968749999995,0.35833333333333334,0.6959929466247559,0.9198813124999998,0.8021666666666667,0.6323330998420715,0.9198813124999998,0.6676716249999999,4,,0.9,ok,56.07159686088562,
N=6|dead_zone=0.4|link_quality=0.5|n_missions=4|regime=jittery|rrf=60.0,H2,7,1089721701,6,60.0,4,jittery,0.4,0.5,0.0,0.0,0.0,0.0,0.0,0.0,1.0,0.0,0.0,1.0,0.0,0.0,0,0,0,0.0,0.0,0.0,6,60.0,4,,,,,,,,,0,,,ok,75.19533252716064,
N=6|dead_zone=0.4|link_quality=0.5|n_missions=4|regime=jittery|rrf=60.0,H3,7,1089721701,6,60.0,4,jittery,0.4,0.5,0.5,0.5,0.0,0.0,0.0,1.0,0.9940898345153665,2.5804567753970873,0.3333333333333333,0.3333333333333333,0.5,2.0,2,4,0,3.0,1.5,8.618392169475555,6,60.0,4,0.2759474375,0.35633333333333334,0.6959259510040283,0.8490683125,0.7398333333333333,0.6726377606391907,0.8490683125,0.5731208750000001,3,,0.9,ok,68.72529363632202,
N=6|dead_zone=0.4|link_quality=0.5|n_missions=4|regime=jittery|rrf=60.0,H2,8,852568211,6,60.0,4,jittery,0.4,0.5,1.0,0.5,0.25,0.25,0.0,1.0,0.9863123993558777,2.5749947193376044,0.5,0.4444444444444444,0.5,1.2,1,4,0,5.0,2.5,10.765685379505157,6,60.0,4,0.27447993750000005,0.3515,0.6959113478660583,0.6754669375,0.7325,0.6802250146865845,0.6754669375,0.4009869999999999,2,,0.9,ok,71.92125082015991,
N=6|dead_zone=0.4|link_quality=0.5|n_missions=4|regime=jittery|rrf=60.0,H3,8,852568211,6,60.0,4,jittery,0.4,0.5,1.0,0.5,0.25,0.25,0.0,1.0,0.9944903581267218,2.5810309627563695,0.5,0.4444444444444444,0.5,1.2,2,4,0,5.0,2.5,11.01883852481842,6,60.0,4,0.27447993750000005,0.3515,0.6959113478660583,0.8408491875,0.736,0.6780734658241272,0.8408491875,0.5663692499999999,3,,0.9,ok,69.11462068557739,
N=6|dead_zone=0.4|link_quality=0.5|n_missions=4|regime=jittery|rrf=60.0,H2,9,2755116970,6,60.0,4,jittery,0.4,0.5,1.25,0.75,0.5,0.0,0.0,1.0,0.9899882214369847,2.577698263840924,0.5,0.46296296296296297,0.75,1.5,0,4,0,4.0,3.0,10.556393563747406,6,60.0,4,0.26195825,0.3551666666666667,0.6959208846092224,0.26195825,0.3551666666666667,0.6959208846092224,0.26195825,0.0,1,,0.9,ok,60.67655301094055,
N=6|dead_zone=0.4|link_quality=0.5|n_missions=4|regime=jittery|rrf=60.0,H3,9,2755116970,6,60.0,4,jittery,0.4,0.5,0.0,0.0,0.0,0.0,0.0,1.0,0.955026455026455,2.549787381523038,0.0,1.0,0.0,1.5,0,4,0,4.0,0.0,11.573619961738586,6,60.0,4,0.26195825,0.3551666666666667,0.6959208846092224,0.26195825,0.3551666666666667,0.6959208846092224,0.26195825,0.0,1,,0.9,ok,113.046067237854,
N=6|dead_zone=0.4|link_quality=0.5|n_missions=4|regime=jittery|rrf=60.0,H2,10,1196297180,6,60.0,4,jittery,0.4,0.5,0.0,0.0,0.0,0.0,0.0,0.0,1.0,0.0,0.0,1.0,0.0,0.0,0,0,0,0.0,0.0,0.0,6,60.0,4,,,,,,,,,0,,,ok,114.10907769203186,
N=6|dead_zone=0.4|link_quality=0.5|n_missions=4|regime=jittery|rrf=60.0,H3,10,1196297180,6,60.0,4,jittery,0.4,0.5,2.5,1.0,0.75,0.5,0.0,1.0,0.9970344009489917,2.5827423149511795,0.8333333333333334,0.5952380952380952,1.0,1.5,4,4,0,4.0,4.0,9.372794687747955,6,60.0,4,0.25212362499999996,0.35833333333333334,0.6959930062294006,0.9602985625,0.8438333333333333,0.583479642868042,0.9602985625,0.7081749375,5,,0.9,ok,84.7226128578186,
N=6|dead_zone=0.4|link_quality=0.5|n_missions=4|regime=jittery|rrf=60.0,H2,11,155452644,6,60.0,4,jittery,0.4,0.5,2.5,1.0,0.75,0.5,0.0,1.0,0.9970344009489917,2.5827423149511795,0.8333333333333334,0.7575757575757576,1.0,1.5,4,4,0,4.0,4.0,9.41135984659195,6,60.0,4,0.24898312500000003,0.3526666666666667,0.695993185043335,0.943864875,0.7798333333333334,0.5824270248413086,0.943864875,0.69488175,5,,0.9,ok,64.09175539016724,
N=6|dead_zone=0.4|link_quality=0.5|n_missions=4|regime=jittery|rrf=60.0,H3,11,155452644,6,60.0,4,jittery,0.4,0.5,2.0,1.0,0.5,0.25,0.0,1.0,0.9950248756218906,2.5812908992306927,0.8333333333333334,0.6666666666666666,1.0,1.5,4,4,0,4.0,4.0,9.713597238063812,6,60.0,4,0.24898312500000003,0.3526666666666667,0.695993185043335,0.9487866875,0.8603333333333333,0.5679928064346313,0.9487866875,0.6998035624999999,5,,0.9,ok,63.53483748435974,
N=6|dead_zone=0.4|link_quality=0.5|n_missions=4|regime=jittery|rrf=60.0,H2,12,2965768413,6,60.0,4,jittery,0.4,0.5,1.25,0.75,0.5,0.0,0.0,1.0,0.9959349593495935,2.5818968599143517,0.6666666666666666,0.5952380952380952,0.75,2.0,2,4,0,3.0,2.25,8.8382608294487,6,60.0,4,0.272618,0.35633333333333334,0.6958786845207214,0.8642388125000001,0.8066666666666666,0.6689460277557373,0.8642388125000001,0.5916208125000001,3,,0.9,ok,60.67010736465454,
N=6|dead_zone=0.4|link_quality=0.5|n_missions=4|regime=jittery|rrf=60.0,H3,12,2965768413,6,60.0,4,jittery,0.4,0.5,,,,,,,,,,,,,,,,,,,,,,,,,,,,,,,,,error,125.79782271385193,"experiments.exp4.driver.Exp4TrialTimeout: exp4 trial exceeded 120s budget (cell=N=6|dead_zone=0.4|link_quality=0.5|n_missions=4|regime=jittery|rrf=60.0, trial=12); orchestrator killed"
N=6|dead_zone=0.4|link_quality=0.5|n_missions=4|regime=jittery|rrf=60.0,H2,13,2746135771,6,60.0,4,jittery,0.4,0.5,0.5,0.5,0.0,0.0,0.0,1.0,0.9959349593495935,2.5818968599143517,0.3333333333333333,0.3333333333333333,0.5,1.5,0,4,0,4.0,2.0,9.372562944889069,6,60.0,4,0.2791208125,0.357,0.6958795785903931,0.2791208125,0.357,0.6958795785903931,0.2791208125,0.0,1,,0.9,ok,51.5727276802063,
N=6|dead_zone=0.4|link_quality=0.5|n_missions=4|regime=jittery|rrf=60.0,H3,13,2746135771,6,60.0,4,jittery,0.4,0.5,1.25,0.5,0.5,0.25,0.0,1.0,0.994824016563147,2.581358330499424,0.6666666666666666,0.5952380952380952,0.5,1.5,2,4,0,4.0,1.75,10.183529376983643,6,60.0,4,0.2791208125,0.357,0.6958795785903931,0.8756235625,0.7611666666666667,0.6682157516479492,0.8756235625,0.59650275,3,,0.9,ok,59.84179973602295,
N=6|dead_zone=0.4|link_quality=0.5|n_missions=4|regime=jittery|rrf=60.0,H2,14,2309662305,6,60.0,4,jittery,0.4,0.5,,,,,,,,,,,,,,,,,,,,,,,,,,,,,,,,,error,125.0337586402893,"experiments.exp4.driver.Exp4TrialTimeout: exp4 trial exceeded 120s budget (cell=N=6|dead_zone=0.4|link_quality=0.5|n_missions=4|regime=jittery|rrf=60.0, trial=14); orchestrator killed"
N=6|dead_zone=0.4|link_quality=0.5|n_missions=4|regime=jittery|rrf=60.0,H3,14,2309662305,6,60.0,4,jittery,0.4,0.5,0.5,0.5,0.0,0.0,0.0,1.0,1.0,2.584962500721156,0.16666666666666666,0.16666666666666666,0.5,2.0,2,4,0,3.0,1.5,8.557395935058594,6,60.0,4,0.2781938125,0.3581666666666667,0.6958943009376526,0.8365485625,0.7733333333333333,0.6750462055206299,0.8365485625,0.5583547499999999,3,,0.9,ok,53.36719298362732,
N=6|dead_zone=0.4|link_quality=0.5|n_missions=4|regime=jittery|rrf=60.0,H2,15,2103591158,6,60.0,4,jittery,0.4,0.5,0.75,0.5,0.25,0.0,0.0,1.0,0.994824016563147,2.581358330499424,0.3333333333333333,0.3,0.5,1.5,2,4,0,4.0,2.0,7.754298448562622,6,60.0,4,0.2454684375,0.35733333333333334,0.6960239410400391,0.84111225,0.736,0.6676889657974243,0.84111225,0.5956438125,3,,0.9,ok,48.33475732803345,
N=6|dead_zone=0.4|link_quality=0.5|n_missions=4|regime=jittery|rrf=60.0,H3,15,2103591158,6,60.0,4,jittery,0.4,0.5,1.75,0.75,0.5,0.25,0.0,1.0,0.9959349593495935,2.581896859914352,0.6666666666666666,0.5444444444444444,0.75,1.6,3,4,0,3.75,2.5,8.212658941745758,6,60.0,4,0.2454684375,0.35733333333333334,0.6960239410400391,0.9188771249999999,0.8296666666666667,0.6520071029663086,0.9188771249999999,0.6734086874999998,4,,0.9,ok,52.45689558982849,
N=6|dead_zone=0.4|link_quality=0.5|n_missions=4|regime=jittery|rrf=60.0,H2,16,3243895672,6,60.0,4,jittery,0.4,0.5,2.0,0.75,0.5,0.25,0.0,1.0,0.9941176470588236,2.5806899528060816,0.8333333333333334,0.6666666666666666,0.75,1.5,3,4,0,4.0,3.0,9.761759996414185,6,60.0,4,0.29580062500000004,0.35683333333333334,0.6958116292953491,0.9364005625,0.7931666666666667,0.6235802173614502,0.9364005625,0.6405999375,4,,0.9,ok,103.22527050971985,
N=6|dead_zone=0.4|link_quality=0.5|n_missions=4|regime=jittery|rrf=60.0,H3,16,3243895672,6,60.0,4,jittery,0.4,0.5,0.5,0.5,0.0,0.0,0.0,1.0,0.994824016563147,2.5813583304994236,0.3333333333333333,0.3333333333333333,0.5,1.5,2,4,0,4.0,2.0,9.065178632736206,6,60.0,4,0.29580062500000004,0.35683333333333334,0.6958116292953491,0.882552375,0.7766666666666666,0.6722639203071594,0.882552375,0.5867517499999999,3,,0.9,ok,52.492494344711304,
N=6|dead_zone=0.4|link_quality=0.5|n_missions=4|regime=jittery|rrf=60.0,H2,17,260076146,6,60.0,4,jittery,0.4,0.5,2.25,1.0,0.75,0.25,0.0,1.0,0.9970344009489917,2.5827423149511795,0.8333333333333334,0.7941176470588235,1.0,1.5,4,4,0,4.0,4.0,10.52821433544159,6,60.0,4,0.275798875,0.3576666666666667,0.6958874464035034,0.9404029375,0.8231666666666667,0.59234619140625,0.9404029375,0.6646040625,5,,0.9,ok,55.265788555145264,
N=6|dead_zone=0.4|link_quality=0.5|n_missions=4|regime=jittery|rrf=60.0,H3,17,260076146,6,60.0,4,jittery,0.4,0.5,0.75,0.5,0.25,0.0,0.0,1.0,0.9941176470588236,2.580689952806082,0.5,0.5,0.5,1.5,2,4,0,4.0,2.0,10.433351993560791,6,60.0,4,0.275798875,0.3576666666666667,0.6958874464035034,0.8645848749999999,0.7686666666666667,0.666009783744812,0.8645848749999999,0.5887859999999999,3,,0.9,ok,56.39299297332764,
N=6|dead_zone=0.4|link_quality=0.5|n_missions=4|regime=jittery|rrf=60.0,H2,18,1209378078,6,60.0,4,jittery,0.4,0.5,1.75,0.75,0.5,0.5,0.0,1.0,0.9959349593495935,2.581896859914352,0.6666666666666666,0.5444444444444444,0.75,2.0,3,4,0,3.0,2.25,10.174005806446075,6,60.0,4,0.25021668750000003,0.359,0.6959874629974365,0.9344406875,0.8846666666666667,0.6403578519821167,0.9344406875,0.6842239999999999,4,,0.9,ok,55.31405711174011,
N=6|dead_zone=0.4|link_quality=0.5|n_missions=4|regime=jittery|rrf=60.0,H3,18,1209378078,6,60.0,4,jittery,0.4,0.5,2.5,1.0,1.0,0.5,0.0,1.0,0.9970344009489917,2.5827423149511795,1.0,0.8333333333333334,1.0,2.0,4,4,0,3.0,3.0,9.023555159568787,6,60.0,4,0.25021668750000003,0.359,0.6959874629974365,0.9531410625,0.7963333333333333,0.556963324546814,0.9531410625,0.7029243749999999,5,,0.9,ok,55.99160718917847,
N=6|dead_zone=0.4|link_quality=0.5|n_missions=4|regime=jittery|rrf=60.0,H2,19,469940108,6,60.0,4,jittery,0.4,0.5,2.25,0.75,0.75,0.5,0.0,1.0,0.9941176470588236,2.580689952806082,0.8333333333333334,0.7105263157894737,0.75,1.6,3,4,0,3.75,2.5,8.505038022994995,6,60.0,4,0.25858175,0.3541666666666667,0.6959366202354431,0.8928660625,0.8283333333333334,0.6442984938621521,0.8928660625,0.6342843125,4,,0.9,ok,63.81060194969177,
N=6|dead_zone=0.4|link_quality=0.5|n_missions=4|regime=jittery|rrf=60.0,H3,19,469940108,6,60.0,4,jittery,0.4,0.5,2.5,1.0,0.75,0.5,0.0,1.0,1.0,2.584962500721156,0.8333333333333334,0.7575757575757576,1.0,1.5,4,4,0,4.0,3.75,8.78775405883789,6,60.0,4,0.25858175,0.3541666666666667,0.6959366202354431,0.950940125,0.9061666666666667,0.5487143397331238,0.950940125,0.692358375,5,4,0.9,ok,47.18498635292053,
