cell_id,arm,trial_index,seed,param_N,param_rrf,param_n_missions,param_regime,param_dead_zone,param_link_quality,update_yield,round_close_rate_kmin1,round_close_rate_kmin2,round_close_rate_kminhalf,round_close_rate_kminN,coverage,jains_fairness,participation_entropy,mission_completion_rate,completion_fairness,pass2_coverage,rho_contact,rounds_closed,missions_completed,mission_failures,pass1_contacts_mean,pass2_contacts_mean,mission_duration_s_mean,n_devices,rf_range_m,n_missions_target,init_auc,init_accuracy,init_loss,final_auc,final_accuracy,final_loss,best_auc,delta_auc,rounds_evaluated,t_at_tau_round,tau,sim_mission_duration_s_mean,sim_transit_s_mean,sim_dwell_s_mean,sim_listen_s_mean,sim_return_s_mean,sim_upload_s_mean,sim_turnaround_s_mean,sim_dock_wait_s_mean,sim_energy_j_mean,energy_status,sim_budget_overrun_s_mean,sim_budget_overrun_rate,sim_replans,sim_aborts,sim_inserts,mission_budget_s,mission_window_adaptation,aggregation,aggregation_params,fedprox_rho,pass_2_budget,deadline_law,deadline_params,miss_priority,n_mules,min_participation,dock_params,policy_params,mission_clock,contact_band,in_flight_response,backhaul_model,contact_reliability_source,deadline_time_scale,initial_window_s,t_nom_s,session_ttl_s,ferry_params,l1_channel,realism,input_dim,status,duration_s,error
N=6|dead_zone=0.6|link_quality=0.4|n_missions=4|regime=jittery|rrf=60.0,H1,0,133993671,6,60.0,4,jittery,0.6,0.4,1.5,0.75,0.5,0.25,0.0,1.0,1.0,2.584962500721156,0.8333333333333334,0.75,0.75,2.0,3,4,0,3.0,2.25,3.002671003341675,6,60.0,4,0.2609395625,0.3576666666666667,0.6959695816040039,0.903419125,0.8063333333333333,0.6246738433837891,0.903419125,0.6424795624999999,4,,0.82,163.12439838977298,85.86379427716567,7.543709111778298,2.75,36.73593180726542,0.23096319365926582,30.0,0.0,19339.810651058946,simulated,0.0,0.0,0,0,0,150.0,0,agg:asynchfl,"{""a_max"": null, ""asynchfl_form"": ""polynomial"", ""buffer_k"": null, ""decay"": 0.5, ""fedex_n"": null, ""hinge_a"": 1.0, ""hinge_b"": 0.0, ""period_s"": null, ""poly_q"": 0.5, ""server_lr"": 1.0, ""value"": ""uniform""}",0.0,1,additive,,0,1,,,,sim,wide,replan,,channel,20.287098891786265,,202.87098891786263,36.0,"{""altitude_m"": 25.0, ""backhaul_period_s"": null, ""backhaul_policy"": ""fixed"", ""backhaul_regime"": ""jittery"", ""contact_band_classes"": null, ""contact_regime"": ""jittery"", ""cruise_speed_m_s"": 5.0, ""deadline_bounds"": ""collection"", ""energy_capacity_j"": null, ""interference_period_s"": 60.0, ""listen_s"": 1.0, ""margin_quantile"": 0.9, ""n_pl"": 2.2, ""noise_bin_s"": 1.0, ""p_hover_w"": null, ""p_move_w"": null, ""payload_bytes"": 1000000, ""replan_fallback"": ""trim"", ""shadow_corr_s"": 7.4, ""shadow_keying"": ""time"", ""shadow_sigma_db"": 4.0, ""snr_floor_db"": -6.7, ""t_nom_computed"": true, ""turnaround_s"": 30.0}",,1,21,ok,79.35089302062988,
N=6|dead_zone=0.6|link_quality=0.4|n_missions=4|regime=jittery|rrf=60.0,H1,1,2436359050,6,60.0,4,jittery,0.6,0.4,5.0,1.0,1.0,1.0,0.0,1.0,1.0,2.584962500721156,1.0,0.9259259259259259,1.0,1.5,4,4,0,4.0,4.0,8.005886435508728,6,60.0,4,0.25710881249999995,0.357,0.6959778070449829,0.9526773750000002,0.8256666666666667,0.5859012603759766,0.9526773750000002,0.6955685625000002,5,3,0.82,232.1466342995991,152.2984458038219,9.345738220465137,1.0,39.19449935029509,0.3079509248790211,30.0,0.0,29241.643814279574,simulated,0.0,0.0,0,0,0,150.0,0,agg:asynchfl,"{""a_max"": null, ""asynchfl_form"": ""polynomial"", ""buffer_k"": null, ""decay"": 0.5, ""fedex_n"": null, ""hinge_a"": 1.0, ""hinge_b"": 0.0, ""period_s"": null, ""poly_q"": 0.5, ""server_lr"": 1.0, ""value"": ""uniform""}",0.0,1,additive,,0,1,,,,sim,wide,replan,,channel,20.287098891786265,,202.87098891786263,36.0,"{""altitude_m"": 25.0, ""backhaul_period_s"": null, ""backhaul_policy"": ""fixed"", ""backhaul_regime"": ""jittery"", ""contact_band_classes"": null, ""contact_regime"": ""jittery"", ""cruise_speed_m_s"": 5.0, ""deadline_bounds"": ""collection"", ""energy_capacity_j"": null, ""interference_period_s"": 60.0, ""listen_s"": 1.0, ""margin_quantile"": 0.9, ""n_pl"": 2.2, ""noise_bin_s"": 1.0, ""p_hover_w"": null, ""p_move_w"": null, ""payload_bytes"": 1000000, ""replan_fallback"": ""trim"", ""shadow_corr_s"": 7.4, ""shadow_keying"": ""time"", ""shadow_sigma_db"": 4.0, ""snr_floor_db"": -6.7, ""t_nom_computed"": true, ""turnaround_s"": 30.0}",,1,21,ok,68.27869629859924,
N=6|dead_zone=0.6|link_quality=0.4|n_missions=4|regime=jittery|rrf=60.0,H1,2,1331715838,6,60.0,4,jittery,0.6,0.4,3.75,1.0,1.0,1.0,0.0,1.0,0.9970344009489917,2.5827423149511795,1.0,0.872093023255814,1.0,1.5,4,4,0,4.0,4.0,9.48047536611557,6,60.0,4,0.25928268750000005,0.3595,0.6959272623062134,0.9593131875,0.8185,0.5959771871566772,0.9593131875,0.7000305,5,2,0.82,203.525058549596,117.22325930474945,10.532102848519571,2.0,43.37050307034815,0.3991933260943616,30.0,0.0,25172.92360703956,simulated,0.0,0.0,0,0,0,150.0,0,agg:asynchfl,"{""a_max"": null, ""asynchfl_form"": ""polynomial"", ""buffer_k"": null, ""decay"": 0.5, ""fedex_n"": null, ""hinge_a"": 1.0, ""hinge_b"": 0.0, ""period_s"": null, ""poly_q"": 0.5, ""server_lr"": 1.0, ""value"": ""uniform""}",0.0,1,additive,,0,1,,,,sim,wide,replan,,channel,20.287098891786265,,202.87098891786263,36.0,"{""altitude_m"": 25.0, ""backhaul_period_s"": null, ""backhaul_policy"": ""fixed"", ""backhaul_regime"": ""jittery"", ""contact_band_classes"": null, ""contact_regime"": ""jittery"", ""cruise_speed_m_s"": 5.0, ""deadline_bounds"": ""collection"", ""energy_capacity_j"": null, ""interference_period_s"": 60.0, ""listen_s"": 1.0, ""margin_quantile"": 0.9, ""n_pl"": 2.2, ""noise_bin_s"": 1.0, ""p_hover_w"": null, ""p_move_w"": null, ""payload_bytes"": 1000000, ""replan_fallback"": ""trim"", ""shadow_corr_s"": 7.4, ""shadow_keying"": ""time"", ""shadow_sigma_db"": 4.0, ""snr_floor_db"": -6.7, ""t_nom_computed"": true, ""turnaround_s"": 30.0}",,1,21,ok,63.21109199523926,
N=6|dead_zone=0.6|link_quality=0.4|n_missions=4|regime=jittery|rrf=60.0,H1,3,3625921211,6,60.0,4,jittery,0.6,0.4,2.75,1.0,1.0,0.75,0.0,1.0,1.0,2.584962500721156,0.8333333333333334,0.6954022988505747,1.0,2.0,4,4,0,3.0,3.0,6.356835961341858,6,60.0,4,0.256520875,0.3565,0.6959328055381775,0.9525208125,0.8941666666666667,0.5816760063171387,0.9525208125,0.6959999375,5,3,0.82,200.2132476712577,121.00047451958622,8.293024759856053,2.25,38.27055506577977,0.3991933260943616,30.0,0.0,24647.8195204943,simulated,0.0,0.0,0,0,0,150.0,0,agg:asynchfl,"{""a_max"": null, ""asynchfl_form"": ""polynomial"", ""buffer_k"": null, ""decay"": 0.5, ""fedex_n"": null, ""hinge_a"": 1.0, ""hinge_b"": 0.0, ""period_s"": null, ""poly_q"": 0.5, ""server_lr"": 1.0, ""value"": ""uniform""}",0.0,1,additive,,0,1,,,,sim,wide,replan,,channel,20.287098891786265,,202.87098891786263,36.0,"{""altitude_m"": 25.0, ""backhaul_period_s"": null, ""backhaul_policy"": ""fixed"", ""backhaul_regime"": ""jittery"", ""contact_band_classes"": null, ""contact_regime"": ""jittery"", ""cruise_speed_m_s"": 5.0, ""deadline_bounds"": ""collection"", ""energy_capacity_j"": null, ""interference_period_s"": 60.0, ""listen_s"": 1.0, ""margin_quantile"": 0.9, ""n_pl"": 2.2, ""noise_bin_s"": 1.0, ""p_hover_w"": null, ""p_move_w"": null, ""payload_bytes"": 1000000, ""replan_fallback"": ""trim"", ""shadow_corr_s"": 7.4, ""shadow_keying"": ""time"", ""shadow_sigma_db"": 4.0, ""snr_floor_db"": -6.7, ""t_nom_computed"": true, ""turnaround_s"": 30.0}",,1,21,ok,70.6477701663971,
N=6|dead_zone=0.6|link_quality=0.4|n_missions=4|regime=jittery|rrf=60.0,H1,4,3995995082,6,60.0,4,jittery,0.6,0.4,2.75,1.0,1.0,0.75,0.0,1.0,1.0,2.584962500721156,1.0,0.6954022988505747,1.0,2.0,4,4,0,3.0,3.0,6.213822782039642,6,60.0,4,0.25395856250000004,0.3585,0.695982813835144,0.9360501875000001,0.7908333333333334,0.5878801941871643,0.9360501875000001,0.6820916250000001,5,3,0.82,182.4832254233479,107.66400988771271,8.435973111336352,2.5,33.484049098059614,0.3991933260943616,30.0,0.0,22111.572739617077,simulated,0.0,0.0,0,0,0,150.0,0,agg:asynchfl,"{""a_max"": null, ""asynchfl_form"": ""polynomial"", ""buffer_k"": null, ""decay"": 0.5, ""fedex_n"": null, ""hinge_a"": 1.0, ""hinge_b"": 0.0, ""period_s"": null, ""poly_q"": 0.5, ""server_lr"": 1.0, ""value"": ""uniform""}",0.0,1,additive,,0,1,,,,sim,wide,replan,,channel,20.287098891786265,,202.87098891786263,36.0,"{""altitude_m"": 25.0, ""backhaul_period_s"": null, ""backhaul_policy"": ""fixed"", ""backhaul_regime"": ""jittery"", ""contact_band_classes"": null, ""contact_regime"": ""jittery"", ""cruise_speed_m_s"": 5.0, ""deadline_bounds"": ""collection"", ""energy_capacity_j"": null, ""interference_period_s"": 60.0, ""listen_s"": 1.0, ""margin_quantile"": 0.9, ""n_pl"": 2.2, ""noise_bin_s"": 1.0, ""p_hover_w"": null, ""p_move_w"": null, ""payload_bytes"": 1000000, ""replan_fallback"": ""trim"", ""shadow_corr_s"": 7.4, ""shadow_keying"": ""time"", ""shadow_sigma_db"": 4.0, ""snr_floor_db"": -6.7, ""t_nom_computed"": true, ""turnaround_s"": 30.0}",,1,21,ok,58.169950008392334,
N=6|dead_zone=0.6|link_quality=0.4|n_missions=4|regime=jittery|rrf=60.0,H1,5,3862379745,6,60.0,4,jittery,0.6,0.4,2.75,1.0,1.0,0.5,0.0,1.0,0.9970344009489917,2.5827423149511795,1.0,0.8768115942028986,0.9583333333333334,1.5,4,4,0,4.0,4.0,7.108020186424255,6,60.0,4,0.26931856249999997,0.3565,0.6959488987922668,0.9431889999999999,0.8638333333333333,0.5988237261772156,0.9431889999999999,0.6738704375,5,3,0.82,195.37259227907634,117.93471336211931,6.873258144391002,2.75,37.50666984784277,0.3079509248790211,30.0,0.0,23942.901626280436,simulated,0.0,0.0,0,0,0,150.0,0,agg:asynchfl,"{""a_max"": null, ""asynchfl_form"": ""polynomial"", ""buffer_k"": null, ""decay"": 0.5, ""fedex_n"": null, ""hinge_a"": 1.0, ""hinge_b"": 0.0, ""period_s"": null, ""poly_q"": 0.5, ""server_lr"": 1.0, ""value"": ""uniform""}",0.0,1,additive,,0,1,,,,sim,wide,replan,,channel,20.287098891786265,,202.87098891786263,36.0,"{""altitude_m"": 25.0, ""backhaul_period_s"": null, ""backhaul_policy"": ""fixed"", ""backhaul_regime"": ""jittery"", ""contact_band_classes"": null, ""contact_regime"": ""jittery"", ""cruise_speed_m_s"": 5.0, ""deadline_bounds"": ""collection"", ""energy_capacity_j"": null, ""interference_period_s"": 60.0, ""listen_s"": 1.0, ""margin_quantile"": 0.9, ""n_pl"": 2.2, ""noise_bin_s"": 1.0, ""p_hover_w"": null, ""p_move_w"": null, ""payload_bytes"": 1000000, ""replan_fallback"": ""trim"", ""shadow_corr_s"": 7.4, ""shadow_keying"": ""time"", ""shadow_sigma_db"": 4.0, ""snr_floor_db"": -6.7, ""t_nom_computed"": true, ""turnaround_s"": 30.0}",,1,21,ok,68.66855549812317,
N=6|dead_zone=0.6|link_quality=0.4|n_missions=4|regime=jittery|rrf=60.0,H1,6,655154804,6,60.0,4,jittery,0.6,0.4,2.75,1.0,0.75,0.5,0.0,1.0,0.9941176470588236,2.5806899528060816,0.8333333333333334,0.6505376344086021,1.0,1.5,4,4,0,4.0,4.0,6.381494641304016,6,60.0,4,0.25881175,0.3576666666666667,0.6959580779075623,0.9430686875,0.8358333333333333,0.589116632938385,0.9430686875,0.6842569374999999,5,2,0.82,287.51688416153775,193.039657285018,12.060507028887514,2.0,50.01752652150325,0.3991933260943616,30.0,0.0,37272.207028984,simulated,0.02613476011902094,0.25,1,0,0,150.0,0,agg:asynchfl,"{""a_max"": null, ""asynchfl_form"": ""polynomial"", ""buffer_k"": null, ""decay"": 0.5, ""fedex_n"": null, ""hinge_a"": 1.0, ""hinge_b"": 0.0, ""period_s"": null, ""poly_q"": 0.5, ""server_lr"": 1.0, ""value"": ""uniform""}",0.0,1,additive,,0,1,,,,sim,wide,replan,,channel,20.287098891786265,,202.87098891786263,36.0,"{""altitude_m"": 25.0, ""backhaul_period_s"": null, ""backhaul_policy"": ""fixed"", ""backhaul_regime"": ""jittery"", ""contact_band_classes"": null, ""contact_regime"": ""jittery"", ""cruise_speed_m_s"": 5.0, ""deadline_bounds"": ""collection"", ""energy_capacity_j"": null, ""interference_period_s"": 60.0, ""listen_s"": 1.0, ""margin_quantile"": 0.9, ""n_pl"": 2.2, ""noise_bin_s"": 1.0, ""p_hover_w"": null, ""p_move_w"": null, ""payload_bytes"": 1000000, ""replan_fallback"": ""trim"", ""shadow_corr_s"": 7.4, ""shadow_keying"": ""time"", ""shadow_sigma_db"": 4.0, ""snr_floor_db"": -6.7, ""t_nom_computed"": true, ""turnaround_s"": 30.0}",,1,21,ok,65.43019580841064,
N=6|dead_zone=0.6|link_quality=0.4|n_missions=4|regime=jittery|rrf=60.0,H1,7,161166755,6,60.0,4,jittery,0.6,0.4,4.0,1.0,1.0,1.0,0.0,1.0,1.0,2.584962500721156,0.8333333333333334,0.735632183908046,1.0,1.5,4,4,0,4.0,4.0,7.635848641395569,6,60.0,4,0.27545025,0.3575,0.6958987712860107,0.9575693750000001,0.8366666666666667,0.5875052809715271,0.9575693750000001,0.682119125,5,3,0.82,235.71094761032145,147.05660745222195,13.741046479262877,2.0,42.60534275386196,0.3079509248790211,30.0,0.0,29887.822381349444,simulated,0.0,0.0,0,0,0,150.0,0,agg:asynchfl,"{""a_max"": null, ""asynchfl_form"": ""polynomial"", ""buffer_k"": null, ""decay"": 0.5, ""fedex_n"": null, ""hinge_a"": 1.0, ""hinge_b"": 0.0, ""period_s"": null, ""poly_q"": 0.5, ""server_lr"": 1.0, ""value"": ""uniform""}",0.0,1,additive,,0,1,,,,sim,wide,replan,,channel,20.287098891786265,,202.87098891786263,36.0,"{""altitude_m"": 25.0, ""backhaul_period_s"": null, ""backhaul_policy"": ""fixed"", ""backhaul_regime"": ""jittery"", ""contact_band_classes"": null, ""contact_regime"": ""jittery"", ""cruise_speed_m_s"": 5.0, ""deadline_bounds"": ""collection"", ""energy_capacity_j"": null, ""interference_period_s"": 60.0, ""listen_s"": 1.0, ""margin_quantile"": 0.9, ""n_pl"": 2.2, ""noise_bin_s"": 1.0, ""p_hover_w"": null, ""p_move_w"": null, ""payload_bytes"": 1000000, ""replan_fallback"": ""trim"", ""shadow_corr_s"": 7.4, ""shadow_keying"": ""time"", ""shadow_sigma_db"": 4.0, ""snr_floor_db"": -6.7, ""t_nom_computed"": true, ""turnaround_s"": 30.0}",,1,21,ok,74.860848903656,
N=6|dead_zone=0.6|link_quality=0.4|n_missions=4|regime=jittery|rrf=60.0,H1,8,4181314086,6,60.0,4,jittery,0.6,0.4,3.0,1.0,0.75,0.75,0.0,1.0,0.9950248756218906,2.581290899230692,0.8333333333333334,0.75,0.9583333333333334,1.6,4,4,0,3.75,3.5,5.853859186172485,6,60.0,4,0.25705012499999996,0.35833333333333334,0.6959676146507263,0.9423771875,0.7926666666666666,0.5885948538780212,0.9423771875,0.6853270625000001,5,,0.82,232.66830881885835,147.16499512608038,9.776118807552848,2.25,43.16924396043278,0.3079509248790211,30.0,0.0,29358.397751895944,simulated,0.0,0.0,0,0,0,150.0,0,agg:asynchfl,"{""a_max"": null, ""asynchfl_form"": ""polynomial"", ""buffer_k"": null, ""decay"": 0.5, ""fedex_n"": null, ""hinge_a"": 1.0, ""hinge_b"": 0.0, ""period_s"": null, ""poly_q"": 0.5, ""server_lr"": 1.0, ""value"": ""uniform""}",0.0,1,additive,,0,1,,,,sim,wide,replan,,channel,20.287098891786265,,202.87098891786263,36.0,"{""altitude_m"": 25.0, ""backhaul_period_s"": null, ""backhaul_policy"": ""fixed"", ""backhaul_regime"": ""jittery"", ""contact_band_classes"": null, ""contact_regime"": ""jittery"", ""cruise_speed_m_s"": 5.0, ""deadline_bounds"": ""collection"", ""energy_capacity_j"": null, ""interference_period_s"": 60.0, ""listen_s"": 1.0, ""margin_quantile"": 0.9, ""n_pl"": 2.2, ""noise_bin_s"": 1.0, ""p_hover_w"": null, ""p_move_w"": null, ""payload_bytes"": 1000000, ""replan_fallback"": ""trim"", ""shadow_corr_s"": 7.4, ""shadow_keying"": ""time"", ""shadow_sigma_db"": 4.0, ""snr_floor_db"": -6.7, ""t_nom_computed"": true, ""turnaround_s"": 30.0}",,1,21,ok,64.5647656917572,
N=6|dead_zone=0.6|link_quality=0.4|n_missions=4|regime=jittery|rrf=60.0,H1,9,3809134444,6,60.0,4,jittery,0.6,0.4,5.25,1.0,1.0,1.0,0.5,1.0,1.0,2.584962500721156,1.0,0.9545454545454546,1.0,2.4,4,4,0,2.5,2.75,5.481235563755035,6,60.0,4,0.261030125,0.35683333333333334,0.6959528923034668,0.924175,0.8495,0.6186826825141907,0.924175,0.663144875,5,4,0.82,165.0865025584353,72.5187524482639,16.21442480070982,0.75,45.20413198343235,0.3991933260943616,30.0,0.0,19763.511783311187,simulated,0.0,0.0,0,0,0,150.0,0,agg:asynchfl,"{""a_max"": null, ""asynchfl_form"": ""polynomial"", ""buffer_k"": null, ""decay"": 0.5, ""fedex_n"": null, ""hinge_a"": 1.0, ""hinge_b"": 0.0, ""period_s"": null, ""poly_q"": 0.5, ""server_lr"": 1.0, ""value"": ""uniform""}",0.0,1,additive,,0,1,,,,sim,wide,replan,,channel,20.287098891786265,,202.87098891786263,36.0,"{""altitude_m"": 25.0, ""backhaul_period_s"": null, ""backhaul_policy"": ""fixed"", ""backhaul_regime"": ""jittery"", ""contact_band_classes"": null, ""contact_regime"": ""jittery"", ""cruise_speed_m_s"": 5.0, ""deadline_bounds"": ""collection"", ""energy_capacity_j"": null, ""interference_period_s"": 60.0, ""listen_s"": 1.0, ""margin_quantile"": 0.9, ""n_pl"": 2.2, ""noise_bin_s"": 1.0, ""p_hover_w"": null, ""p_move_w"": null, ""payload_bytes"": 1000000, ""replan_fallback"": ""trim"", ""shadow_corr_s"": 7.4, ""shadow_keying"": ""time"", ""shadow_sigma_db"": 4.0, ""snr_floor_db"": -6.7, ""t_nom_computed"": true, ""turnaround_s"": 30.0}",,1,21,ok,59.45057463645935,
N=6|dead_zone=0.6|link_quality=0.4|n_missions=4|regime=jittery|rrf=60.0,H1,10,2287405070,6,60.0,4,jittery,0.6,0.4,3.75,1.0,1.0,1.0,0.0,1.0,1.0,2.584962500721156,0.8333333333333334,0.7653061224489796,1.0,2.0,4,4,0,3.0,3.0,6.8427112102508545,6,60.0,4,0.284844875,0.3581666666666667,0.6958014965057373,0.9613270625,0.7898333333333334,0.5914801955223083,0.9613270625,0.6764821875,5,,0.82,201.9713496377808,114.87441929268735,14.924850302020786,2.25,39.61412911817595,0.3079509248790211,30.0,0.0,25078.51782769047,simulated,0.0,0.0,0,0,0,150.0,0,agg:asynchfl,"{""a_max"": null, ""asynchfl_form"": ""polynomial"", ""buffer_k"": null, ""decay"": 0.5, ""fedex_n"": null, ""hinge_a"": 1.0, ""hinge_b"": 0.0, ""period_s"": null, ""poly_q"": 0.5, ""server_lr"": 1.0, ""value"": ""uniform""}",0.0,1,additive,,0,1,,,,sim,wide,replan,,channel,20.287098891786265,,202.87098891786263,36.0,"{""altitude_m"": 25.0, ""backhaul_period_s"": null, ""backhaul_policy"": ""fixed"", ""backhaul_regime"": ""jittery"", ""contact_band_classes"": null, ""contact_regime"": ""jittery"", ""cruise_speed_m_s"": 5.0, ""deadline_bounds"": ""collection"", ""energy_capacity_j"": null, ""interference_period_s"": 60.0, ""listen_s"": 1.0, ""margin_quantile"": 0.9, ""n_pl"": 2.2, ""noise_bin_s"": 1.0, ""p_hover_w"": null, ""p_move_w"": null, ""payload_bytes"": 1000000, ""replan_fallback"": ""trim"", ""shadow_corr_s"": 7.4, ""shadow_keying"": ""time"", ""shadow_sigma_db"": 4.0, ""snr_floor_db"": -6.7, ""t_nom_computed"": true, ""turnaround_s"": 30.0}",,1,21,ok,65.7951066493988,
N=6|dead_zone=0.6|link_quality=0.4|n_missions=4|regime=jittery|rrf=60.0,H1,11,25761415,6,60.0,4,jittery,0.6,0.4,3.0,1.0,1.0,0.75,0.0,1.0,0.9970344009489917,2.5827423149511795,0.8333333333333334,0.75,0.9583333333333334,1.7142857142857142,4,4,0,3.5,3.5,5.913582146167755,6,60.0,4,0.2538519375,0.358,0.6959616541862488,0.9392376875,0.8155,0.5844282507896423,0.9392376875,0.68538575,5,2,0.82,222.39060223579872,135.7820881088853,12.772403017734177,2.75,40.77816018413212,0.3079509248790211,30.0,0.0,27969.57656336551,simulated,0.0,0.0,0,0,0,150.0,0,agg:asynchfl,"{""a_max"": null, ""asynchfl_form"": ""polynomial"", ""buffer_k"": null, ""decay"": 0.5, ""fedex_n"": null, ""hinge_a"": 1.0, ""hinge_b"": 0.0, ""period_s"": null, ""poly_q"": 0.5, ""server_lr"": 1.0, ""value"": ""uniform""}",0.0,1,additive,,0,1,,,,sim,wide,replan,,channel,20.287098891786265,,202.87098891786263,36.0,"{""altitude_m"": 25.0, ""backhaul_period_s"": null, ""backhaul_policy"": ""fixed"", ""backhaul_regime"": ""jittery"", ""contact_band_classes"": null, ""contact_regime"": ""jittery"", ""cruise_speed_m_s"": 5.0, ""deadline_bounds"": ""collection"", ""energy_capacity_j"": null, ""interference_period_s"": 60.0, ""listen_s"": 1.0, ""margin_quantile"": 0.9, ""n_pl"": 2.2, ""noise_bin_s"": 1.0, ""p_hover_w"": null, ""p_move_w"": null, ""payload_bytes"": 1000000, ""replan_fallback"": ""trim"", ""shadow_corr_s"": 7.4, ""shadow_keying"": ""time"", ""shadow_sigma_db"": 4.0, ""snr_floor_db"": -6.7, ""t_nom_computed"": true, ""turnaround_s"": 30.0}",,1,21,ok,70.92873167991638,
N=6|dead_zone=0.6|link_quality=0.4|n_missions=4|regime=jittery|rrf=60.0,H1,12,39779854,6,60.0,4,jittery,0.6,0.4,4.0,1.0,1.0,1.0,0.0,1.0,1.0,2.584962500721156,0.8333333333333334,0.7901234567901234,1.0,1.263157894736842,4,4,0,4.75,4.75,8.646157205104828,6,60.0,4,0.2713653125,0.3581666666666667,0.6958993077278137,0.9448862499999999,0.7906666666666666,0.5916241407394409,0.9448862499999999,0.6735209375,5,3,0.82,255.18993597914232,171.0326518968235,11.756485556950793,1.75,40.2516051990365,0.3991933260943616,30.0,0.0,32616.262135311707,simulated,0.0,0.0,0,0,0,150.0,0,agg:asynchfl,"{""a_max"": null, ""asynchfl_form"": ""polynomial"", ""buffer_k"": null, ""decay"": 0.5, ""fedex_n"": null, ""hinge_a"": 1.0, ""hinge_b"": 0.0, ""period_s"": null, ""poly_q"": 0.5, ""server_lr"": 1.0, ""value"": ""uniform""}",0.0,1,additive,,0,1,,,,sim,wide,replan,,channel,20.287098891786265,,202.87098891786263,36.0,"{""altitude_m"": 25.0, ""backhaul_period_s"": null, ""backhaul_policy"": ""fixed"", ""backhaul_regime"": ""jittery"", ""contact_band_classes"": null, ""contact_regime"": ""jittery"", ""cruise_speed_m_s"": 5.0, ""deadline_bounds"": ""collection"", ""energy_capacity_j"": null, ""interference_period_s"": 60.0, ""listen_s"": 1.0, ""margin_quantile"": 0.9, ""n_pl"": 2.2, ""noise_bin_s"": 1.0, ""p_hover_w"": null, ""p_move_w"": null, ""payload_bytes"": 1000000, ""replan_fallback"": ""trim"", ""shadow_corr_s"": 7.4, ""shadow_keying"": ""time"", ""shadow_sigma_db"": 4.0, ""snr_floor_db"": -6.7, ""t_nom_computed"": true, ""turnaround_s"": 30.0}",,1,21,ok,71.19303894042969,
N=6|dead_zone=0.6|link_quality=0.4|n_missions=4|regime=jittery|rrf=60.0,H1,13,632155657,6,60.0,4,jittery,0.6,0.4,4.5,1.0,1.0,1.0,0.0,1.0,0.9950248756218906,2.581290899230692,1.0,0.9,1.0,1.2222222222222223,4,4,0,4.5,5.0,8.204243242740631,6,60.0,4,0.26216031250000005,0.36,0.6959533095359802,0.9394083750000001,0.8253333333333334,0.5926607847213745,0.9394083750000001,0.6772480625,5,3,0.82,296.56666303722886,210.6666659564446,11.042113534145756,1.0,43.45869022064992,0.3991933260943616,30.0,0.0,38521.497277534334,simulated,0.0,0.0,0,0,0,150.0,0,agg:asynchfl,"{""a_max"": null, ""asynchfl_form"": ""polynomial"", ""buffer_k"": null, ""decay"": 0.5, ""fedex_n"": null, ""hinge_a"": 1.0, ""hinge_b"": 0.0, ""period_s"": null, ""poly_q"": 0.5, ""server_lr"": 1.0, ""value"": ""uniform""}",0.0,1,additive,,0,1,,,,sim,wide,replan,,channel,20.287098891786265,,202.87098891786263,36.0,"{""altitude_m"": 25.0, ""backhaul_period_s"": null, ""backhaul_policy"": ""fixed"", ""backhaul_regime"": ""jittery"", ""contact_band_classes"": null, ""contact_regime"": ""jittery"", ""cruise_speed_m_s"": 5.0, ""deadline_bounds"": ""collection"", ""energy_capacity_j"": null, ""interference_period_s"": 60.0, ""listen_s"": 1.0, ""margin_quantile"": 0.9, ""n_pl"": 2.2, ""noise_bin_s"": 1.0, ""p_hover_w"": null, ""p_move_w"": null, ""payload_bytes"": 1000000, ""replan_fallback"": ""trim"", ""shadow_corr_s"": 7.4, ""shadow_keying"": ""time"", ""shadow_sigma_db"": 4.0, ""snr_floor_db"": -6.7, ""t_nom_computed"": true, ""turnaround_s"": 30.0}",,1,21,ok,66.02205634117126,
N=6|dead_zone=0.6|link_quality=0.4|n_missions=4|regime=jittery|rrf=60.0,H1,14,2950851985,6,60.0,4,jittery,0.6,0.4,2.75,1.0,1.0,0.5,0.0,1.0,0.9863813229571985,2.5744957240833592,0.8333333333333334,0.6505376344086021,0.9583333333333334,2.0,4,4,0,3.0,3.0,5.422169387340546,6,60.0,4,0.2849356875,0.3591666666666667,0.6958346962928772,0.938873125,0.801,0.600729763507843,0.938873125,0.6539374375,5,3,0.82,185.5590415801562,106.24512739953536,14.958647922729142,2.25,31.706072931780092,0.3991933260943616,30.0,0.0,22709.449542556762,simulated,0.0,0.0,0,0,0,150.0,0,agg:asynchfl,"{""a_max"": null, ""asynchfl_form"": ""polynomial"", ""buffer_k"": null, ""decay"": 0.5, ""fedex_n"": null, ""hinge_a"": 1.0, ""hinge_b"": 0.0, ""period_s"": null, ""poly_q"": 0.5, ""server_lr"": 1.0, ""value"": ""uniform""}",0.0,1,additive,,0,1,,,,sim,wide,replan,,channel,20.287098891786265,,202.87098891786263,36.0,"{""altitude_m"": 25.0, ""backhaul_period_s"": null, ""backhaul_policy"": ""fixed"", ""backhaul_regime"": ""jittery"", ""contact_band_classes"": null, ""contact_regime"": ""jittery"", ""cruise_speed_m_s"": 5.0, ""deadline_bounds"": ""collection"", ""energy_capacity_j"": null, ""interference_period_s"": 60.0, ""listen_s"": 1.0, ""margin_quantile"": 0.9, ""n_pl"": 2.2, ""noise_bin_s"": 1.0, ""p_hover_w"": null, ""p_move_w"": null, ""payload_bytes"": 1000000, ""replan_fallback"": ""trim"", ""shadow_corr_s"": 7.4, ""shadow_keying"": ""time"", ""shadow_sigma_db"": 4.0, ""snr_floor_db"": -6.7, ""t_nom_computed"": true, ""turnaround_s"": 30.0}",,1,21,ok,48.14955258369446,
N=6|dead_zone=0.6|link_quality=0.4|n_missions=4|regime=jittery|rrf=60.0,H1,15,152369844,6,60.0,4,jittery,0.6,0.4,3.5,0.75,0.75,0.75,0.0,1.0,0.9970344009489917,2.5827423149511795,1.0,0.8166666666666667,0.9583333333333334,1.5,3,4,0,4.0,4.0,6.396335780620575,6,60.0,4,0.2619390625,0.35683333333333334,0.6959514021873474,0.9227696874999999,0.867,0.6470862030982971,0.9227696874999999,0.6608306249999999,4,3,0.82,242.73764510487672,151.1036054481765,11.34026278796955,1.5,48.48582594381004,0.3079509248790211,30.0,0.0,30824.62662766213,simulated,0.0,0.0,0,0,0,150.0,0,agg:asynchfl,"{""a_max"": null, ""asynchfl_form"": ""polynomial"", ""buffer_k"": null, ""decay"": 0.5, ""fedex_n"": null, ""hinge_a"": 1.0, ""hinge_b"": 0.0, ""period_s"": null, ""poly_q"": 0.5, ""server_lr"": 1.0, ""value"": ""uniform""}",0.0,1,additive,,0,1,,,,sim,wide,replan,,channel,20.287098891786265,,202.87098891786263,36.0,"{""altitude_m"": 25.0, ""backhaul_period_s"": null, ""backhaul_policy"": ""fixed"", ""backhaul_regime"": ""jittery"", ""contact_band_classes"": null, ""contact_regime"": ""jittery"", ""cruise_speed_m_s"": 5.0, ""deadline_bounds"": ""collection"", ""energy_capacity_j"": null, ""interference_period_s"": 60.0, ""listen_s"": 1.0, ""margin_quantile"": 0.9, ""n_pl"": 2.2, ""noise_bin_s"": 1.0, ""p_hover_w"": null, ""p_move_w"": null, ""payload_bytes"": 1000000, ""replan_fallback"": ""trim"", ""shadow_corr_s"": 7.4, ""shadow_keying"": ""time"", ""shadow_sigma_db"": 4.0, ""snr_floor_db"": -6.7, ""t_nom_computed"": true, ""turnaround_s"": 30.0}",,1,21,ok,68.18813133239746,
N=6|dead_zone=0.6|link_quality=0.4|n_missions=4|regime=jittery|rrf=60.0,H1,16,57854029,6,60.0,4,jittery,0.6,0.4,2.75,1.0,0.75,0.5,0.0,1.0,0.9970344009489917,2.5827423149511795,0.8333333333333334,0.7469135802469136,0.875,1.6,4,4,0,3.75,3.5,4.7426387667655945,6,60.0,4,0.2626285625,0.3556666666666667,0.6959676146507263,0.9322924375,0.8663333333333333,0.6082035899162292,0.9322924375,0.669663875,5,4,0.82,185.7501157289953,108.98299589649704,13.155603927298216,2.5,30.80356498032439,0.3079509248790211,30.0,0.0,22711.319403661306,simulated,0.0,0.0,0,0,0,150.0,0,agg:asynchfl,"{""a_max"": null, ""asynchfl_form"": ""polynomial"", ""buffer_k"": null, ""decay"": 0.5, ""fedex_n"": null, ""hinge_a"": 1.0, ""hinge_b"": 0.0, ""period_s"": null, ""poly_q"": 0.5, ""server_lr"": 1.0, ""value"": ""uniform""}",0.0,1,additive,,0,1,,,,sim,wide,replan,,channel,20.287098891786265,,202.87098891786263,36.0,"{""altitude_m"": 25.0, ""backhaul_period_s"": null, ""backhaul_policy"": ""fixed"", ""backhaul_regime"": ""jittery"", ""contact_band_classes"": null, ""contact_regime"": ""jittery"", ""cruise_speed_m_s"": 5.0, ""deadline_bounds"": ""collection"", ""energy_capacity_j"": null, ""interference_period_s"": 60.0, ""listen_s"": 1.0, ""margin_quantile"": 0.9, ""n_pl"": 2.2, ""noise_bin_s"": 1.0, ""p_hover_w"": null, ""p_move_w"": null, ""payload_bytes"": 1000000, ""replan_fallback"": ""trim"", ""shadow_corr_s"": 7.4, ""shadow_keying"": ""time"", ""shadow_sigma_db"": 4.0, ""snr_floor_db"": -6.7, ""t_nom_computed"": true, ""turnaround_s"": 30.0}",,1,21,ok,57.01796054840088,
N=6|dead_zone=0.6|link_quality=0.4|n_missions=4|regime=jittery|rrf=60.0,H1,17,1604632161,6,60.0,4,jittery,0.6,0.4,2.75,0.75,0.75,0.75,0.0,1.0,0.9078014184397163,2.5090830979570886,0.6666666666666666,0.545045045045045,0.8333333333333334,1.0,3,4,0,4.25,5.0,7.351686239242554,6,60.0,4,0.2525735625,0.35683333333333334,0.6960073113441467,0.9042913124999998,0.8311666666666667,0.645023763179779,0.9042913124999998,0.6517177499999998,4,3,0.82,291.4943092119647,200.4012160796833,6.853851008461788,1.5,52.34004879739402,0.3991933260943616,30.0,0.0,37701.26953127411,simulated,0.4101946500595659,0.25,0,0,0,150.0,0,agg:asynchfl,"{""a_max"": null, ""asynchfl_form"": ""polynomial"", ""buffer_k"": null, ""decay"": 0.5, ""fedex_n"": null, ""hinge_a"": 1.0, ""hinge_b"": 0.0, ""period_s"": null, ""poly_q"": 0.5, ""server_lr"": 1.0, ""value"": ""uniform""}",0.0,1,additive,,0,1,,,,sim,wide,replan,,channel,20.287098891786265,,202.87098891786263,36.0,"{""altitude_m"": 25.0, ""backhaul_period_s"": null, ""backhaul_policy"": ""fixed"", ""backhaul_regime"": ""jittery"", ""contact_band_classes"": null, ""contact_regime"": ""jittery"", ""cruise_speed_m_s"": 5.0, ""deadline_bounds"": ""collection"", ""energy_capacity_j"": null, ""interference_period_s"": 60.0, ""listen_s"": 1.0, ""margin_quantile"": 0.9, ""n_pl"": 2.2, ""noise_bin_s"": 1.0, ""p_hover_w"": null, ""p_move_w"": null, ""payload_bytes"": 1000000, ""replan_fallback"": ""trim"", ""shadow_corr_s"": 7.4, ""shadow_keying"": ""time"", ""shadow_sigma_db"": 4.0, ""snr_floor_db"": -6.7, ""t_nom_computed"": true, ""turnaround_s"": 30.0}",,1,21,ok,58.646750688552856,
N=6|dead_zone=0.6|link_quality=0.4|n_missions=4|regime=jittery|rrf=60.0,H1,18,1770889194,6,60.0,4,jittery,0.6,0.4,4.5,1.0,1.0,1.0,0.0,1.0,0.9970344009489917,2.5827423149511795,1.0,0.9310344827586207,0.9583333333333334,1.2,4,4,0,5.0,5.0,8.049456357955933,6,60.0,4,0.29229406249999995,0.357,0.6957916617393494,0.9297688125,0.8275,0.5932096838951111,0.9297688125,0.63747475,5,3,0.82,263.0786154445377,178.54927411750694,11.47734900348587,1.5,41.15279899755161,0.3991933260943616,30.0,0.0,33735.901006409775,simulated,0.0,0.0,0,0,0,150.0,0,agg:asynchfl,"{""a_max"": null, ""asynchfl_form"": ""polynomial"", ""buffer_k"": null, ""decay"": 0.5, ""fedex_n"": null, ""hinge_a"": 1.0, ""hinge_b"": 0.0, ""period_s"": null, ""poly_q"": 0.5, ""server_lr"": 1.0, ""value"": ""uniform""}",0.0,1,additive,,0,1,,,,sim,wide,replan,,channel,20.287098891786265,,202.87098891786263,36.0,"{""altitude_m"": 25.0, ""backhaul_period_s"": null, ""backhaul_policy"": ""fixed"", ""backhaul_regime"": ""jittery"", ""contact_band_classes"": null, ""contact_regime"": ""jittery"", ""cruise_speed_m_s"": 5.0, ""deadline_bounds"": ""collection"", ""energy_capacity_j"": null, ""interference_period_s"": 60.0, ""listen_s"": 1.0, ""margin_quantile"": 0.9, ""n_pl"": 2.2, ""noise_bin_s"": 1.0, ""p_hover_w"": null, ""p_move_w"": null, ""payload_bytes"": 1000000, ""replan_fallback"": ""trim"", ""shadow_corr_s"": 7.4, ""shadow_keying"": ""time"", ""shadow_sigma_db"": 4.0, ""snr_floor_db"": -6.7, ""t_nom_computed"": true, ""turnaround_s"": 30.0}",,1,21,ok,68.21770787239075,
N=6|dead_zone=0.6|link_quality=0.4|n_missions=4|regime=jittery|rrf=60.0,H1,19,2825640742,6,60.0,4,jittery,0.6,0.4,4.0,1.0,1.0,1.0,0.0,1.0,1.0,2.584962500721156,0.8333333333333334,0.7619047619047619,1.0,1.6,4,4,0,3.75,3.75,5.356567859649658,6,60.0,4,0.289068125,0.3601666666666667,0.6958348155021667,0.9478154375000001,0.8438333333333333,0.5790471434593201,0.9478154375000001,0.6587473125000001,5,3,0.82,191.58250615288853,117.98282982152267,9.455394142627483,2.0,31.745088862653184,0.3991933260943616,30.0,0.0,23431.163036080383,simulated,0.0,0.0,0,0,0,150.0,0,agg:asynchfl,"{""a_max"": null, ""asynchfl_form"": ""polynomial"", ""buffer_k"": null, ""decay"": 0.5, ""fedex_n"": null, ""hinge_a"": 1.0, ""hinge_b"": 0.0, ""period_s"": null, ""poly_q"": 0.5, ""server_lr"": 1.0, ""value"": ""uniform""}",0.0,1,additive,,0,1,,,,sim,wide,replan,,channel,20.287098891786265,,202.87098891786263,36.0,"{""altitude_m"": 25.0, ""backhaul_period_s"": null, ""backhaul_policy"": ""fixed"", ""backhaul_regime"": ""jittery"", ""contact_band_classes"": null, ""contact_regime"": ""jittery"", ""cruise_speed_m_s"": 5.0, ""deadline_bounds"": ""collection"", ""energy_capacity_j"": null, ""interference_period_s"": 60.0, ""listen_s"": 1.0, ""margin_quantile"": 0.9, ""n_pl"": 2.2, ""noise_bin_s"": 1.0, ""p_hover_w"": null, ""p_move_w"": null, ""payload_bytes"": 1000000, ""replan_fallback"": ""trim"", ""shadow_corr_s"": 7.4, ""shadow_keying"": ""time"", ""shadow_sigma_db"": 4.0, ""snr_floor_db"": -6.7, ""t_nom_computed"": true, ""turnaround_s"": 30.0}",,1,21,ok,61.33901333808899,
